Workbook
Name _xlchart.v1.2: 'Graphique des resultats'!$C$25:$C$36
Name _xlchart.v1.3: 'Graphique des resultats'!$D$24
Name _xlchart.v1.0: 'Graphique des resultats'!$B$25:$B$36
Name _xlchart.v1.7: 'Graphique des resultats'!$F$24
Name _xlchart.v1.6: 'Graphique des resultats'!$E$25:$E$36
Name _xlchart.v1.5: 'Graphique des resultats'!$E$24
Name _xlchart.v1.4: 'Graphique des resultats'!$D$25:$D$36
Name _xlchart.v1.1: 'Graphique des resultats'!$C$24
Name _xlchart.v1.8: 'Graphique des resultats'!$F$25:$F$36

Sheet ECOLES INTERVENTION
A1: REPUBLIQUE DU NIGER
A2: FRATERNITÉ - TRAVAIL - PROGRÈS
A3: REGION DE MARADI
A4: DIRECTION REGIONALE DE L'EDUCATION NATIONALE,
A5: DE L'ALPHABETISATION ET DE LA PROMOTION DES LANGUES
A6: IEP DE TCHADOUA
A7: Colonne1 | B7: Colonne2 | C7: Colonne3 | D7: Colonne4 | E7: Colonne5 | F7: Colonne6 | G7: Colonne7 | H7: Colonne8 | I7: Colonne9 | J7: Colonne10 | K7: Colonne11 | L7: Colonne12 | M7: Colonne13
A8: ECOLE ZANGON NA RUWA
A9: N° | B9: Noms et prénoms | D9: Moyenne 1er semestre | F9: Moyenne 2 ème semestre | H9: 3ème semestre | J9: Moyenne Générale | L9: Situation finale | M9: Passe en CM2 | N9: Redouble | O9: Abandon | P9: Décès et transfère
A10: 1 | B10: Safia Tsahirou | D10: 5.25 | F10: 5.8 | H10: 6 | J10: =(('ECOLES INTERVENTION'!$D10+'ECOLES INTERVENTION'!$F10+'ECOLES INTERVENTION'!$H10)/3) -> 5.6833333 | L10: Passe | M10: 1
A11: 2 | B11: Charifa Maazou | D11: 2.75 | F11: 3 | H11: 3.15 | J11: =(('ECOLES INTERVENTION'!$D11+'ECOLES INTERVENTION'!$F11+'ECOLES INTERVENTION'!$H11)/3) -> 2.9666667 | L11: Redouble | N11: 1
A12: 3 | B12: Oumeira Hamissou | D12: 4.9 | F12: 5.15 | H12: 4.25 | J12: =(('ECOLES INTERVENTION'!$D12+'ECOLES INTERVENTION'!$F12+'ECOLES INTERVENTION'!$H12)/3) -> 4.7666667 | L12: Passe | M12: 1
A13: 4 | B13: Majida Harouna | D13: 3.99 | F13: 4.45 | H13: 4.95 | J13: =(('ECOLES INTERVENTION'!$D13+'ECOLES INTERVENTION'!$F13+'ECOLES INTERVENTION'!$H13)/3) -> 4.4633333 | L13: Passe | M13: 1
A14: 5 | B14: Manira Ali | D14: 4 | F14: 5.25 | H14: 5.95 | J14: =(('ECOLES INTERVENTION'!$D14+'ECOLES INTERVENTION'!$F14+'ECOLES INTERVENTION'!$H14)/3) -> 5.0666667 | L14: Pass | M14: 1
A15: 6 | B15: Badaria Mani | D15: 5.4 | F15: 4.62 | H15: 4.95 | J15: =(('ECOLES INTERVENTION'!$D15+'ECOLES INTERVENTION'!$F15+'ECOLES INTERVENTION'!$H15)/3) -> 4.99 | L15: Passe | M15: 1
A16: 7 | B16: Mariama Souley | D16: 4.25 | F16: 5.15 | H16: 6 | J16: =(('ECOLES INTERVENTION'!$D16+'ECOLES INTERVENTION'!$F16+'ECOLES INTERVENTION'!$H16)/3) -> 5.1333333 | L16: Passe | M16: 1
A17: 8 | B17: Amira Illa | D17: 3.88 | F17: 4.79 | H17: 5 | J17: =(('ECOLES INTERVENTION'!$D17+'ECOLES INTERVENTION'!$F17+'ECOLES INTERVENTION'!$H17)/3) -> 4.5566667 | L17: Passe | M17: 1
A18: 9 | B18: Naima Boukari | D18: 4.5 | F18: 5 | H18: 4.65 | J18: =(('ECOLES INTERVENTION'!$D18+'ECOLES INTERVENTION'!$F18+'ECOLES INTERVENTION'!$H18)/3) -> 4.7166667 | L18: Passe | M18: 1
A19: 10 | B19: Badaria Souley | D19: 2.95 | F19: 2.75 | H19: 3.65 | J19: =(('ECOLES INTERVENTION'!$D19+'ECOLES INTERVENTION'!$F19+'ECOLES INTERVENTION'!$H19)/3) -> 3.1166667 | L19: Redouble | N19: 1
A20: 11 | B20: Hanifa Sabiou | D20: 3.6 | F20: 4.25 | H20: 6 | J20: =(('ECOLES INTERVENTION'!$D20+'ECOLES INTERVENTION'!$F20+'ECOLES INTERVENTION'!$H20)/3) -> 4.6166667 | L20: Passe | M20: 1
A21: 12 | B21: Wassila Chaibou | D21: 6.5 | F21: 6.9 | H21: 7.15 | J21: =(('ECOLES INTERVENTION'!$D21+'ECOLES INTERVENTION'!$F21+'ECOLES INTERVENTION'!$H21)/3) -> 6.85 | L21: Passe | M21: 1
A22: 13 | B22: Badaria Illia | D22: 4.75 | F22: 5 | H22: 5.69 | J22: =(('ECOLES INTERVENTION'!$D22+'ECOLES INTERVENTION'!$F22+'ECOLES INTERVENTION'!$H22)/3) -> 5.1466667 | L22: Passe | M22: 1
A23: 14 | B23: Oubeida Oumarou | D23: 3.9 | F23: 4.65 | H23: 4.95 | J23: =(('ECOLES INTERVENTION'!$D23+'ECOLES INTERVENTION'!$F23+'ECOLES INTERVENTION'!$H23)/3) -> 4.5 | L23: Passe | M23: 1
A24: 15 | B24: Noussaiba illa | D24: 4.6 | F24: 3.95 | H24: 5.25 | J24: =(('ECOLES INTERVENTION'!$D24+'ECOLES INTERVENTION'!$F24+'ECOLES INTERVENTION'!$H24)/3) -> 4.6 | L24: Passe | M24: 1
A25: 16 | B25: Safaraou Daouda | D25: 5 | F25: 6 | H25: 6.45 | J25: =(('ECOLES INTERVENTION'!$D25+'ECOLES INTERVENTION'!$F25+'ECOLES INTERVENTION'!$H25)/3) -> 5.8166667 | L25: Passe | M25: 1
A26: 17 | B26: Chikouriya Siradji | D26: 3.88 | F26: 4.69 | H26: 4.97 | J26: =(('ECOLES INTERVENTION'!$D26+'ECOLES INTERVENTION'!$F26+'ECOLES INTERVENTION'!$H26)/3) -> 4.5133333 | L26: Passe | M26: 1
A27: 18 | B27: Koubra Issa | D27: 4.35 | F27: 3.97 | H27: 5.25 | J27: =(('ECOLES INTERVENTION'!$D27+'ECOLES INTERVENTION'!$F27+'ECOLES INTERVENTION'!$H27)/3) -> 4.5233333 | L27: Passe | M27: 1
A28: 19 | B28: Charifa Abou | D28: 3 | F28: 5 | H28: 6.15 | J28: =(('ECOLES INTERVENTION'!$D28+'ECOLES INTERVENTION'!$F28+'ECOLES INTERVENTION'!$H28)/3) -> 4.7166667 | L28: Passe | M28: 1
A29: 20 | B29: Massaouda Sabiou | D29: 4.74 | F29: 6 | H29: 7 | J29: =(('ECOLES INTERVENTION'!$D29+'ECOLES INTERVENTION'!$F29+'ECOLES INTERVENTION'!$H29)/3) -> 5.9133333 | L29: Passe | M29: 1
M30: =SUM(M10:M29) -> 18 | N30: =SUM(N10:N29) -> 2
M31: =M30/A29 -> 0.9 | N31: =N30/A29 -> 0.1
A32: ECOLE DE DAN GAMJI
A33: 1 | B33: Hadiza Elhadji Issaka | D33: 3.2 | F33: 4.15 | H33: 5.89 | J33: =(('ECOLES INTERVENTION'!$D33+'ECOLES INTERVENTION'!$F33+'ECOLES INTERVENTION'!$H33)/3) -> 4.4133333 | L33: Passe | M33: 1
A34: 2 | B34: Firdaoussi Sanoussi | D34: 4.4 | F34: 4.87 | H34: 4.99 | J34: =(('ECOLES INTERVENTION'!$D34+'ECOLES INTERVENTION'!$F34+'ECOLES INTERVENTION'!$H34)/3) -> 4.7533333 | L34: Passe | M34: 1
A35: 3 | B35: Roufaida Rabé | D35: 4 | F35: 5 | H35: 6 | J35: =(('ECOLES INTERVENTION'!$D35+'ECOLES INTERVENTION'!$F35+'ECOLES INTERVENTION'!$H35)/3) -> 5 | L35: Pase | M35: 1
A36: 4 | B36: Badiya Sani | D36: 5.25 | F36: 6 | H36: 5.59 | J36: =(('ECOLES INTERVENTION'!$D36+'ECOLES INTERVENTION'!$F36+'ECOLES INTERVENTION'!$H36)/3) -> 5.6133333 | L36: Passe | M36: 1
A37: 5 | B37: Chappa Issiya | D37: 3.98 | F37: 4.57 | H37: 4.99 | J37: =(('ECOLES INTERVENTION'!$D37+'ECOLES INTERVENTION'!$F37+'ECOLES INTERVENTION'!$H37)/3) -> 4.5133333 | L37: Passe | M37: 1
A38: 6 | B38: Ommi kabirou | D38: 5.3 | F38: 5.5 | H38: 6.13 | J38: =(('ECOLES INTERVENTION'!$D38+'ECOLES INTERVENTION'!$F38+'ECOLES INTERVENTION'!$H38)/3) -> 5.6433333 | L38: Passe | M38: 1
A39: 7 | B39: Aminatou Sahirou | D39: 3.86 | F39: 4.85 | H39: 5.02 | J39: =(('ECOLES INTERVENTION'!$D39+'ECOLES INTERVENTION'!$F39+'ECOLES INTERVENTION'!$H39)/3) -> 4.5766667 | L39: Passe | M39: 1
A40: 8 | B40: Amira Salissou | D40: 4.73 | F40: 5.07 | H40: 5.59 | J40: =(('ECOLES INTERVENTION'!$D40+'ECOLES INTERVENTION'!$F40+'ECOLES INTERVENTION'!$H40)/3) -> 5.13 | L40: Passe | M40: 1
A41: 9 | B41: Ainaou Mourtala | D41: 5.25 | F41: 4.79 | H41: 4.81 | J41: =(('ECOLES INTERVENTION'!$D41+'ECOLES INTERVENTION'!$F41+'ECOLES INTERVENTION'!$H41)/3) -> 4.95 | L41: Passe | M41: 1
A42: 10 | B42: Taiba Moussa | D42: 4.65 | F42: 5.02 | H42: 5.33 | J42: =(('ECOLES INTERVENTION'!$D42+'ECOLES INTERVENTION'!$F42+'ECOLES INTERVENTION'!$H42)/3) -> 5 | L42: Passe | M42: 1
A43: 11 | B43: Salaha Sadoum | D43: 3.75 | F43: 3.59 | H43: 3.66 | J43: =(('ECOLES INTERVENTION'!$D43+'ECOLES INTERVENTION'!$F43+'ECOLES INTERVENTION'!$H43)/3) -> 3.6666667 | L43: Redouble | N43: 1
A44: 12 | B44: Naima Issoufou | D44: 6.85 | F44: 5.7 | H44: 5.49 | J44: =(('ECOLES INTERVENTION'!$D44+'ECOLES INTERVENTION'!$F44+'ECOLES INTERVENTION'!$H44)/3) -> 6.0133333 | L44: Passe | M44: 1
A45: 13 | B45: Kadidja Mountari | D45: 5.69 | F45: 4.75 | H45: 5.7 | J45: =(('ECOLES INTERVENTION'!$D45+'ECOLES INTERVENTION'!$F45+'ECOLES INTERVENTION'!$H45)/3) -> 5.38 | L45: Passe | M45: 1
A46: 14 | B46: Zaharia Laminou | D46: 4.12 | F46: 6 | H46: 6.22 | J46: =(('ECOLES INTERVENTION'!$D46+'ECOLES INTERVENTION'!$F46+'ECOLES INTERVENTION'!$H46)/3) -> 5.4466667 | L46: Passe | M46: 1
A47: 15 | B47: Marfoua Salissou | D47: 4.56 | F47: 5.9 | H47: 5.92 | J47: =(('ECOLES INTERVENTION'!$D47+'ECOLES INTERVENTION'!$F47+'ECOLES INTERVENTION'!$H47)/3) -> 5.46 | L47: Passe | M47: 1
A48: 16 | B48: Aicha Ousman | D48: 3.9 | F48: 4.79 | H48: 4.97 | J48: =(('ECOLES INTERVENTION'!$D48+'ECOLES INTERVENTION'!$F48+'ECOLES INTERVENTION'!$H48)/3) -> 4.5533333 | L48: Passe | M48: 1
A49: 17 | B49: Aminatou Sabiou | D49: 5.06 | F49: 5.85 | H49: 6.02 | J49: =(('ECOLES INTERVENTION'!$D49+'ECOLES INTERVENTION'!$F49+'ECOLES INTERVENTION'!$H49)/3) -> 5.6433333 | L49: Passe | M49: 1
A50: 18 | B50: Yasmina Saminou | D50: 6 | F50: 6.72 | H50: 7 | J50: =(('ECOLES INTERVENTION'!$D50+'ECOLES INTERVENTION'!$F50+'ECOLES INTERVENTION'!$H50)/3) -> 6.5733333 | L50: Passe | M50: 1
A51: 19 | B51: Fatiya Yahaya | D51: 5.6 | F51: 4.56 | H51: 6.34 | J51: =(('ECOLES INTERVENTION'!$D51+'ECOLES INTERVENTION'!$F51+'ECOLES INTERVENTION'!$H51)/3) -> 5.5 | L51: Passe | M51: 1
A52: 20 | B52: Maimouna Mountari | D52: 4.38 | F52: 3.9 | H52: 4.95 | J52: =(('ECOLES INTERVENTION'!$D52+'ECOLES INTERVENTION'!$F52+'ECOLES INTERVENTION'!$H52)/3) -> 4.41 | L52: Redouble | N52: 1
A53: 21 | B53: Malika Sani | D53: 5.25 | F53: 5.75 | H53: 6.5 | J53: =(('ECOLES INTERVENTION'!$D53+'ECOLES INTERVENTION'!$F53+'ECOLES INTERVENTION'!$H53)/3) -> 5.8333333 | L53: Passe | M53: 1
A54: 22 | B54: Hadiza Moussa | D54: 3.95 | F54: 4.79 | H54: 5 | J54: =(('ECOLES INTERVENTION'!$D54+'ECOLES INTERVENTION'!$F54+'ECOLES INTERVENTION'!$H54)/3) -> 4.58 | L54: Passe | M54: 1
A55: 23 | B55: Halima Salao | D55: 4 | F55: 5.5 | H55: 6.33 | J55: =(('ECOLES INTERVENTION'!$D55+'ECOLES INTERVENTION'!$F55+'ECOLES INTERVENTION'!$H55)/3) -> 5.2766667 | L55: Passe | M55: 1
A56: 24 | B56: Amina Issoufou | D56: 6.75 | F56: 6.99 | H56: 7 | J56: =(('ECOLES INTERVENTION'!$D56+'ECOLES INTERVENTION'!$F56+'ECOLES INTERVENTION'!$H56)/3) -> 6.9133333 | L56: Passe | M56: 1
A57: 25 | B57: Firdaoussi Sani | D57: 5.65 | F57: 4.21 | H57: 5.4 | J57: =(('ECOLES INTERVENTION'!$D57+'ECOLES INTERVENTION'!$F57+'ECOLES INTERVENTION'!$H57)/3) -> 5.0866667 | L57: Passe | M57: 1
A58: 26 | B58: Souéba Chaibou | D58: 3.89 | F58: 5.92 | H58: 6 | J58: =(('ECOLES INTERVENTION'!$D58+'ECOLES INTERVENTION'!$F58+'ECOLES INTERVENTION'!$H58)/3) -> 5.27 | L58: Passe | M58: 1
A59: 27 | B59: Amira Kabirou | D59: 4.27 | F59: 4.56 | H59: 5.47 | J59: =(('ECOLES INTERVENTION'!$D59+'ECOLES INTERVENTION'!$F59+'ECOLES INTERVENTION'!$H59)/3) -> 4.7666667 | L59: Passe | M59: 1
A60: 28 | B60: Faiza Laminou | D60: 3.75 | F60: 4.02 | H60: 4.29 | J60: =(('ECOLES INTERVENTION'!$D60+'ECOLES INTERVENTION'!$F60+'ECOLES INTERVENTION'!$H60)/3) -> 4.02 | L60: Redouble | N60: 1
A61: 29 | B61: Aicha Laouali | D61: 5.59 | F61: 7.55 | H61: 6.75 | J61: =(('ECOLES INTERVENTION'!$D61+'ECOLES INTERVENTION'!$F61+'ECOLES INTERVENTION'!$H61)/3) -> 6.63 | L61: Passe | M61: 1
A62: 30 | B62: Mariam Sani | D62: 3.62 | F62: 4.89 | H62: 5 | J62: =(('ECOLES INTERVENTION'!$D62+'ECOLES INTERVENTION'!$F62+'ECOLES INTERVENTION'!$H62)/3) -> 4.5033333 | L62: Passe | M62: 1
A63: 31 | B63: Farida Sanoussi | D63: 5.6 | F63: 7.34 | H63: 6.38 | J63: =(('ECOLES INTERVENTION'!$D63+'ECOLES INTERVENTION'!$F63+'ECOLES INTERVENTION'!$H63)/3) -> 6.44 | L63: Passe | M63: 1
A64: 32 | B64: Malika Saadou | D64: 6.45 | F64: 6.95 | H64: 7 | J64: =(('ECOLES INTERVENTION'!$D64+'ECOLES INTERVENTION'!$F64+'ECOLES INTERVENTION'!$H64)/3) -> 6.8 | L64: Passe | M64: 1
A65: 33 | B65: Halima Bassirou | D65: 4.75 | F65: 4.86 | H65: 5.43 | J65: =(('ECOLES INTERVENTION'!$D65+'ECOLES INTERVENTION'!$F65+'ECOLES INTERVENTION'!$H65)/3) -> 5.0133333 | L65: Passe | M65: 1
A66: 34 | B66: Ramlatou Harou | D66: 6.2 | F66: 5.85 | H66: 6.57 | J66: =(('ECOLES INTERVENTION'!$D66+'ECOLES INTERVENTION'!$F66+'ECOLES INTERVENTION'!$H66)/3) -> 6.2066667 | L66: Passe | M66: 1
A67: 35 | B67: Sahoura Sani | D67: 5.55 | F67: 6.85 | H67: 7.44 | J67: =(('ECOLES INTERVENTION'!$D67+'ECOLES INTERVENTION'!$F67+'ECOLES INTERVENTION'!$H67)/3) -> 6.6133333 | L67: Passe | M67: 1
M68: =SUM(M33:M67) -> 32 | N68: =SUM(N33:N67) -> 3
M69: =M68/A67 -> 0.91428571 | N69: =N68/A67 -> 0.085714286
A70: ECOLE KURAN MOTA
A71: 1 | B71: Zoubeida Oumarou | D71: 4.54 | F71: 5.4 | H71: 5.16 | J71: =(('ECOLES INTERVENTION'!$D71+'ECOLES INTERVENTION'!$F71+'ECOLES INTERVENTION'!$H71)/3) -> 5.0333333 | L71: Passe | M71: 1
A72: 2 | B72: Nazifa Chaibou | D72: 7.5 | F72: 5.86 | H72: 6.72 | J72: =(('ECOLES INTERVENTION'!$D72+'ECOLES INTERVENTION'!$F72+'ECOLES INTERVENTION'!$H72)/3) -> 6.6933333 | L72: Passe | M72: 1
A73: 3 | B73: Hadiza Laouali | D73: 4.54 | F73: 4.96 | H73: 5.12 | J73: =(('ECOLES INTERVENTION'!$D73+'ECOLES INTERVENTION'!$F73+'ECOLES INTERVENTION'!$H73)/3) -> 4.8733333 | L73: Passe | M73: 1
A74: 4 | B74: Safaraou Illia | D74: 5.63 | F74: 6.33 | H74: 7.92 | J74: =(('ECOLES INTERVENTION'!$D74+'ECOLES INTERVENTION'!$F74+'ECOLES INTERVENTION'!$H74)/3) -> 6.6266667 | L74: Passe | M74: 1
A75: 5 | B75: Habiba Maazou | D75: 4.22 | F75: 5.33 | H75: 6.78 | J75: =(('ECOLES INTERVENTION'!$D75+'ECOLES INTERVENTION'!$F75+'ECOLES INTERVENTION'!$H75)/3) -> 5.4433333 | L75: Passe | M75: 1
A76: 6 | B76: Razina Mahaman | D76: 3.9 | F76: 4.8 | H76: 5.05 | J76: =(('ECOLES INTERVENTION'!$D76+'ECOLES INTERVENTION'!$F76+'ECOLES INTERVENTION'!$H76)/3) -> 4.5833333 | L76: Passe | M76: 1
A77: 7 | B77: Farida Abdou | D77: 5.72 | F77: 6 | H77: 7.52 | J77: =(('ECOLES INTERVENTION'!$D77+'ECOLES INTERVENTION'!$F77+'ECOLES INTERVENTION'!$H77)/3) -> 6.4133333 | L77: Passe | M77: 1
A78: 8 | B78: Lantana Hassan | D78: 5.45 | F78: 5.66 | H78: 5.12 | J78: =(('ECOLES INTERVENTION'!$D78+'ECOLES INTERVENTION'!$F78+'ECOLES INTERVENTION'!$H78)/3) -> 5.41 | L78: Passe | M78: 1
A79: 9 | B79: Nazifa Rabé | D79: 4.04 | F79: 4.83 | H79: 4.98 | J79: =(('ECOLES INTERVENTION'!$D79+'ECOLES INTERVENTION'!$F79+'ECOLES INTERVENTION'!$H79)/3) -> 4.6166667 | L79: Passe | M79: 1
A80: 10 | B80: Mouhoussina Issaka | D80: 3.81 | F80: 5 | H80: 5.75 | J80: =(('ECOLES INTERVENTION'!$D80+'ECOLES INTERVENTION'!$F80+'ECOLES INTERVENTION'!$H80)/3) -> 4.8533333 | L80: Passe | M80: 1
A81: 11 | B81: Ramatou Maliki | D81: 1.68 | F81: 1.86 | H81: 2.16 | J81: =(('ECOLES INTERVENTION'!$D81+'ECOLES INTERVENTION'!$F81+'ECOLES INTERVENTION'!$H81)/3) -> 1.9 | L81: Redouble | N81: 1
A82: 12 | B82: Karima Maazou | D82: 4.04 | F82: 5.4 | H82: 4.28 | J82: =(('ECOLES INTERVENTION'!$D82+'ECOLES INTERVENTION'!$F82+'ECOLES INTERVENTION'!$H82)/3) -> 4.5733333 | L82: Passe | M82: 1
A83: 13 | B83: Amina Hamza | D83: 3.54 | F83: 4.83 | H83: 5.43 | J83: =(('ECOLES INTERVENTION'!$D83+'ECOLES INTERVENTION'!$F83+'ECOLES INTERVENTION'!$H83)/3) -> 4.6 | L83: Passe | M83: 1
A84: 14 | B84: Zaharia Rabé | D84: 3.35 | F84: 5.56 | H84: 6 | J84: =(('ECOLES INTERVENTION'!$D84+'ECOLES INTERVENTION'!$F84+'ECOLES INTERVENTION'!$H84)/3) -> 4.97 | L84: Passe | M84: 1
A85: 15 | B85: Chappa Issaka | D85: 2 | F85: 2.06 | H85: 3.34 | J85: =(('ECOLES INTERVENTION'!$D85+'ECOLES INTERVENTION'!$F85+'ECOLES INTERVENTION'!$H85)/3) -> 2.4666667 | L85: Redouble | N85: 1
A86: 16 | B86: Abida Harouna | D86: 5 | F86: 6.2 | H86: 6.82 | J86: =(('ECOLES INTERVENTION'!$D86+'ECOLES INTERVENTION'!$F86+'ECOLES INTERVENTION'!$H86)/3) -> 6.0066667 | L86: Passe | M86: 1
A87: 17 | B87: Halissa Ado | D87: 6.1 | F87: 7 | H87: 7.82 | J87: =(('ECOLES INTERVENTION'!$D87+'ECOLES INTERVENTION'!$F87+'ECOLES INTERVENTION'!$H87)/3) -> 6.9733333 | L87: Passe | M87: 1
A88: 18 | B88: Kadija Oumarou | D88: 4.27 | F88: 5.4 | H88: 6 | J88: =(('ECOLES INTERVENTION'!$D88+'ECOLES INTERVENTION'!$F88+'ECOLES INTERVENTION'!$H88)/3) -> 5.2233333 | L88: Passe | M88: 1
A89: 19 | B89: Faouzia Aboulaye | D89: 3.79 | F89: 4.83 | H89: 4.92 | J89: =(('ECOLES INTERVENTION'!$D89+'ECOLES INTERVENTION'!$F89+'ECOLES INTERVENTION'!$H89)/3) -> 4.5133333 | L89: Passe | M89: 1
A90: 20 | B90: Abida Illa | D90: 5.09 | F90: 5.34 | H90: 5.5 | J90: =(('ECOLES INTERVENTION'!$D90+'ECOLES INTERVENTION'!$F90+'ECOLES INTERVENTION'!$H90)/3) -> 5.31 | L90: Passe | M90: 1
A91: 21 | B91: Daoussia Idi | D91: 4.16 | F91: 4.95 | H91: 6 | J91: =(('ECOLES INTERVENTION'!$D91+'ECOLES INTERVENTION'!$F91+'ECOLES INTERVENTION'!$H91)/3) -> 5.0366667 | L91: Passe | M91: 1
A92: 22 | B92: Azima Issaka | D92: 5.18 | F92: 4.73 | H92: 4.96 | J92: =(('ECOLES INTERVENTION'!$D92+'ECOLES INTERVENTION'!$F92+'ECOLES INTERVENTION'!$H92)/3) -> 4.9566667 | L92: Passe | M92: 1
M93: =SUM(M71:M92) -> 20 | N93: =SUM(N71:N92) -> 2
M94: =M93/A92 -> 0.90909091 | N94: =N93/A92 -> 0.090909091
A95: ECOLE GUIDAN KARMA
A96: 1 | B96: FaridaAbdou kané | D96: 3.5 | F96: 4.74 | H96: 5.25 | J96: =(('ECOLES INTERVENTION'!$D96+'ECOLES INTERVENTION'!$F96+'ECOLES INTERVENTION'!$H96)/3) -> 4.4966667 | L96: Passe | M96: 1
A97: 2 | B97: Ikilima ibrahim Laouali | D97: 4 | F97: 5.33 | H97: 6.2 | J97: =(('ECOLES INTERVENTION'!$D97+'ECOLES INTERVENTION'!$F97+'ECOLES INTERVENTION'!$H97)/3) -> 5.1766667 | L97: Passe | M97: 1
A98: 3 | B98: Roufaida Lasseini | D98: 5.75 | F98: 6 | H98: 7 | J98: =(('ECOLES INTERVENTION'!$D98+'ECOLES INTERVENTION'!$F98+'ECOLES INTERVENTION'!$H98)/3) -> 6.25 | L98: Passe | M98: 1
A99: 4 | B99: Hakima Saley Tchari | D99: 4 | F99: 4.66 | H99: 4.89 | J99: =(('ECOLES INTERVENTION'!$D99+'ECOLES INTERVENTION'!$F99+'ECOLES INTERVENTION'!$H99)/3) -> 4.5166667 | L99: Passe | M99: 1
A100: 5 | B100: Rabia Yahouza | D100: 5.4 | F100: 5.65 | H100: 6 | J100: =(('ECOLES INTERVENTION'!$D100+'ECOLES INTERVENTION'!$F100+'ECOLES INTERVENTION'!$H100)/3) -> 5.6833333 | L100: Passe | M100: 1
...

Sheet ECOLES CONTROLES
A1: REPUBLIQUE DU NIGER | K1: 7.21
A2: FRATERNITÉ - TRAVAIL - PROGRÈS
A3: REGION DE MARADI
A4: DIRECTION REGIONALE DE L'EDUCATION NATIONALE,
A5: DE L'ALPHABETISATION ET DE LA PROMOTION DES LANGUES
A6: IEP DE TCHADOUA
A7: Colonne1 | B7: Colonne2 | C7: Colonne3 | D7: Colonne4 | E7: Colonne6 | F7: Colonne8 | G7: Colonne10 | H7: Colonne12
A8: Ecole Guidan Tambari | I8: Passe en CM2 | J8: Redoublement | K8: Abandon | L8: Décès et transfère
A9: N° | B9: Noms et prénoms | D9: Moyenne 1er semestre | E9: Moyenne 2 ème semestre | F9: 3ème semestre | G9: Moyenne générale | H9: Situation finale
A10: 1 | B10: Mansoura Ibrahim | D10: 4.84 | E10: 4.96 | F10: 5.2 | G10: =(('ECOLES CONTROLES'!$D10+'ECOLES CONTROLES'!$E10+'ECOLES CONTROLES'!$F10)/3) -> 5 | H10: Passe | I10: 1
A11: 2 | B11: Houela Chaibou | D11: 3.34 | E11: 5.54 | F11: 6.12 | G11: =(('ECOLES CONTROLES'!$D11+'ECOLES CONTROLES'!$E11+'ECOLES CONTROLES'!$F11)/3) -> 5 | H11: Passe | I11: 1
A12: 3 | B12: Chamsiya Issa | D12: 4.47 | E12: 6.58 | F12: 7.38 | G12: =(('ECOLES CONTROLES'!$D12+'ECOLES CONTROLES'!$E12+'ECOLES CONTROLES'!$F12)/3) -> 6.1433333 | H12: Passe | I12: 1
A13: 4 | B13: Oubeida Adamou | D13: 3.88 | E13: 4.64 | F13: 5 | G13: =(('ECOLES CONTROLES'!$D13+'ECOLES CONTROLES'!$E13+'ECOLES CONTROLES'!$F13)/3) -> 4.5066667 | H13: Passe | I13: 1
A14: 5 | B14: Badaria Issoufou | D14: 1.78 | E14: 1.96 | F14: 2.07 | G14: =(('ECOLES CONTROLES'!$D14+'ECOLES CONTROLES'!$E14+'ECOLES CONTROLES'!$F14)/3) -> 1.9366667 | H14: Redouble | J14: 1
A15: 6 | B15: Rafia Ibrahim | D15: 4.21 | E15: 4.5 | F15: 5.08 | G15: =(('ECOLES CONTROLES'!$D15+'ECOLES CONTROLES'!$E15+'ECOLES CONTROLES'!$F15)/3) -> 4.5966667 | H15: Passe | I15: 1
A16: 7 | B16: Naima Harouna | D16: 4.69 | E16: 5.78 | F16: 4 | G16: =(('ECOLES CONTROLES'!$D16+'ECOLES CONTROLES'!$E16+'ECOLES CONTROLES'!$F16)/3) -> 4.8233333 | H16: Passe | I16: 1
A17: 8 | B17: Dinaou Ali | D17: 1.39 | E17: 1.46 | F17: 1.5 | G17: =(('ECOLES CONTROLES'!$D17+'ECOLES CONTROLES'!$E17+'ECOLES CONTROLES'!$F17)/3) -> 1.45 | H17: Redouble | J17: 1
A18: 9 | B18: Rakia Abou | D18: 0.47 | E18: 1.12 | F18: 0.96 | G18: =(('ECOLES CONTROLES'!$D18+'ECOLES CONTROLES'!$E18+'ECOLES CONTROLES'!$F18)/3) -> 0.85 | H18: Redouble | J18: 1
A19: 10 | B19: Bassira Illia | D19: 3.43 | E19: 3.18 | F19: 3.5 | G19: =(('ECOLES CONTROLES'!$D19+'ECOLES CONTROLES'!$E19+'ECOLES CONTROLES'!$F19)/3) -> 3.37 | H19: Redouble | J19: 1
A20: 11 | B20: Makkale Ali | D20: 5.65 | E20: 5.28 | F20: 5.08 | G20: =(('ECOLES CONTROLES'!$D20+'ECOLES CONTROLES'!$E20+'ECOLES CONTROLES'!$F20)/3) -> 5.3366667 | H20: Passe | I20: 1
A21: 12 | B21: Nafissa Soumeila | D21: 2.17 | E21: 2 | F21: 3.15 | G21: =(('ECOLES CONTROLES'!$D21+'ECOLES CONTROLES'!$E21+'ECOLES CONTROLES'!$F21)/3) -> 2.44 | H21: Redouble | J21: 1
I22: =SUM(I10:I21) -> 7 | J22: =SUM(J10:J21) -> 5
I23: =I22/A21 -> 0.58333333 | J23: =J22/A21 -> 0.41666667
A24: Ecole Dan Bouzou
A25: 1 | B25: Rouzeina Inoussa | D25: 4.25 | E25: 5.31 | F25: 5.8 | G25: =(('ECOLES CONTROLES'!$D25+'ECOLES CONTROLES'!$E25+'ECOLES CONTROLES'!$F25)/3) -> 5.12 | H25: Passe | I25: 1
A26: 2 | B26: Aichatou Abdou | D26: 5.75 | E26: 4.62 | F26: 4.89 | G26: =(('ECOLES CONTROLES'!$D26+'ECOLES CONTROLES'!$E26+'ECOLES CONTROLES'!$F26)/3) -> 5.0866667 | H26: Passe | I26: 1
A27: 3 | B27: Fatima Binia | D27: 3.85 | E27: 3.98 | F27: 5.71 | G27: =(('ECOLES CONTROLES'!$D27+'ECOLES CONTROLES'!$E27+'ECOLES CONTROLES'!$F27)/3) -> 4.5133333 | H27: Passe | I27: 1
A28: 4 | B28: Chamsia Ousseini | D28: // | E28: 2.09 | F28: 2.14 | G28: =(('ECOLES CONTROLES'!$E28+'ECOLES CONTROLES'!$F28)/3) -> 1.41 | H28: Abondon | K28: 1
A29: 5 | B29: Charifa Ali | D29: 1.81 | E29: 2.07 | F29: 2.37 | G29: =(('ECOLES CONTROLES'!$D29+'ECOLES CONTROLES'!$E29+'ECOLES CONTROLES'!$F29)/3) -> 2.0833333 | H29: Redouble | J29: 1
A30: 6 | B30: Yassira Issa | D30: 5 | E30: 5.12 | F30: 5.69 | G30: =(('ECOLES CONTROLES'!$D30+'ECOLES CONTROLES'!$E30+'ECOLES CONTROLES'!$F30)/3) -> 5.27 | H30: Passe | I30: 1
A31: 7 | B31: Aichatou Mounkaila | D31: 4.75 | E31: 3.85 | F31: 4.95 | G31: =(('ECOLES CONTROLES'!$D31+'ECOLES CONTROLES'!$E31+'ECOLES CONTROLES'!$F31)/3) -> 4.5166667 | H31: Passe | I31: 1
A32: 8 | B32: Azima Larwana | D32: 3.4 | E32: 4.62 | F32: 3.87 | G32: =(('ECOLES CONTROLES'!$D32+'ECOLES CONTROLES'!$E32+'ECOLES CONTROLES'!$F32)/3) -> 3.9633333 | H32: Redouble | J32: 1
A33: 9 | B33: Zeinabou Maazou | D33: 4.62 | E33: 4.12 | F33: 5.26 | G33: =(('ECOLES CONTROLES'!$D33+'ECOLES CONTROLES'!$E33+'ECOLES CONTROLES'!$F33)/3) -> 4.6666667 | H33: Passe | I33: 1
A34: 10 | B34: Aichatou Maman | D34: 3.5 | E34: 2.5 | F34: Absente | G34: =(('ECOLES CONTROLES'!$D34+'ECOLES CONTROLES'!$E34)/3) -> 2 | H34: Redouble | J34: 1
A35: 11 | B35: Nafissa Haladou | D35: 4.87 | E35: 5.07 | F35: 6 | G35: =(('ECOLES CONTROLES'!$D35+'ECOLES CONTROLES'!$E35+'ECOLES CONTROLES'!$F35)/3) -> 5.3133333 | H35: Passe | I35: 1
A36: 12 | B36: Hannatou Tassiou | D36: 1.5 | E36: 2.85 | F36: 2.87 | G36: =(('ECOLES CONTROLES'!$D36+'ECOLES CONTROLES'!$E36+'ECOLES CONTROLES'!$F36)/3) -> 2.4066667 | H36: Redouble | J36: 1
A37: 13 | B37: Hakima Ibrahim | D37: 3.59 | E37: 4.8 | F37: 5.4 | G37: =(('ECOLES CONTROLES'!$D37+'ECOLES CONTROLES'!$E37+'ECOLES CONTROLES'!$F37)/3) -> 4.5966667 | H37: Passe | I37: 1
A38: 14 | B38: Nafiza Abdoul Aziz | D38: 4.72 | E38: 5 | F38: 4.91 | G38: =(('ECOLES CONTROLES'!$D38+'ECOLES CONTROLES'!$E38+'ECOLES CONTROLES'!$F38)/3) -> 4.8766667 | H38: Passe | I38: 1
A39: 15 | B39: Mouniba Moutari | D39: 1.5 | E39: 2.12 | F39: 2.7 | G39: =(('ECOLES CONTROLES'!$D39+'ECOLES CONTROLES'!$E39+'ECOLES CONTROLES'!$F39)/3) -> 2.1066667 | H39: Redouble | J39: 1
A40: 16 | B40: Latifa Abdou | D40: 4 | E40: 4.81 | F40: 4.99 | G40: =(('ECOLES CONTROLES'!$D40+'ECOLES CONTROLES'!$E40+'ECOLES CONTROLES'!$F40)/3) -> 4.6 | H40: Passe | I40: 1
A41: 17 | B41: Hanifa Sani | D41: 5.36 | E41: 5.65 | F41: 6 | G41: =(('ECOLES CONTROLES'!$D41+'ECOLES CONTROLES'!$E41+'ECOLES CONTROLES'!$F41)/3) -> 5.67 | H41: Passe | I41: 1
A42: 18 | B42: Sahouna Ali | D42: 1.5 | E42: 1.81 | F42: 2.37 | G42: =(('ECOLES CONTROLES'!$D42+'ECOLES CONTROLES'!$E42+'ECOLES CONTROLES'!$F42)/3) -> 1.8933333 | H42: Redouble | J42: 1
A43: 19 | B43: Badia Hassan | D43: 4.1 | E43: 4.87 | F43: // | G43: =(('ECOLES CONTROLES'!$D43+'ECOLES CONTROLES'!$E43)/3) -> 2.99 | H43: Abondon | K43: 1
A44: 20 | B44: Zeinabou inoussa | D44: 4.25 | E44: 4.85 | F44: 6.73 | G44: =(('ECOLES CONTROLES'!$D44+'ECOLES CONTROLES'!$E44+'ECOLES CONTROLES'!$F44)/3) -> 5.2766667 | H44: Passe | I44: 1
I45: =SUM(I25:I44) -> 12 | J45: =SUM(J25:J44) -> 6 | K45: =SUM(K25:K44) -> 2
I46: =I45/A44 -> 0.6 | J46: =J45/A44 -> 0.3 | K46: =K45/A44 -> 0.1
A47: Ecole Wakasso
A48: 1 | B48: Naima Issoufou | D48: 3.75 | E48: 3.5 | F48: 1.75 | G48: =(('ECOLES CONTROLES'!$D48+'ECOLES CONTROLES'!$E48+'ECOLES CONTROLES'!$F48)/3) -> 3 | H48: Redouble | J48: 1
A49: 2 | B49: Fadila Oumarou | D49: 3.5 | E49: 5.75 | F49: 4.4 | G49: =(('ECOLES CONTROLES'!$D49+'ECOLES CONTROLES'!$E49+'ECOLES CONTROLES'!$F49)/3) -> 4.55 | H49: Passe | I49: 1
A50: 3 | B50: Zakiya Oumarou | D50: 4.46 | E50: 4 | F50: 5.93 | G50: =(('ECOLES CONTROLES'!$D50+'ECOLES CONTROLES'!$E50+'ECOLES CONTROLES'!$F50)/3) -> 4.7966667 | H50: Passe | I50: 1
A51: 4 | B51: Firdaoussi Alio | D51: 5.8 | E51: 5 | F51: 4.05 | G51: =(('ECOLES CONTROLES'!$D51+'ECOLES CONTROLES'!$E51+'ECOLES CONTROLES'!$F51)/3) -> 4.95 | H51: Passe | I51: 1
A52: 5 | B52: Rafia Boukari | D52: 4.5 | E52: 6 | F52: 3.7 | G52: =(('ECOLES CONTROLES'!$D52+'ECOLES CONTROLES'!$E52+'ECOLES CONTROLES'!$F52)/3) -> 4.7333333 | H52: Passe | I52: 1
A53: 6 | B53: Mariama Abdoul | D53: 5.5 | E53: 4.7 | F53: 3.3 | G53: =(('ECOLES CONTROLES'!$D53+'ECOLES CONTROLES'!$E53+'ECOLES CONTROLES'!$F53)/3) -> 4.5 | H53: Passe | I53: 1
A54: 7 | B54: Nafissa Samirou | D54: 1.25 | E54: 2.13 | F54: 1.25 | G54: =(('ECOLES CONTROLES'!$D54+'ECOLES CONTROLES'!$E54+'ECOLES CONTROLES'!$F54)/3) -> 1.5433333 | H54: Redouble | J54: 1
A55: 8 | B55: Baraatou Hassan | D55: 4.5 | E55: 5.13 | F55: 3.5 | G55: =(('ECOLES CONTROLES'!$D55+'ECOLES CONTROLES'!$E55+'ECOLES CONTROLES'!$F55)/3) -> 4.3766667 | H55: Redouble | J55: 1
A56: 9 | B56: Fati Abaché | D56: 4.98 | E56: 3.9 | F56: 4.95 | G56: =(('ECOLES CONTROLES'!$D56+'ECOLES CONTROLES'!$E56+'ECOLES CONTROLES'!$F56)/3) -> 4.61 | H56: Passe | I56: 1
A57: 10 | B57: Charifa Ibrahim | D57: 3.75 | E57: 4.75 | F57: 4.99 | G57: =(('ECOLES CONTROLES'!$D57+'ECOLES CONTROLES'!$E57+'ECOLES CONTROLES'!$F57)/3) -> 4.4966667 | H57: Passe | I57: 1
A58: 11 | B58: Naima Moustapha | D58: 2.4 | E58: 1 | F58: 0.6 | G58: =(('ECOLES CONTROLES'!$D58+'ECOLES CONTROLES'!$E58+'ECOLES CONTROLES'!$F58)/3) -> 1.3333333 | H58: Redouble | J58: 1
A59: 12 | B59: Chamsia Saadou | D59: 4 | E59: 5.75 | F59: 6 | G59: =(('ECOLES CONTROLES'!$D59+'ECOLES CONTROLES'!$E59+'ECOLES CONTROLES'!$F59)/3) -> 5.25 | H59: Passe | I59: 1
A60: 13 | B60: Amira Abaché | D60: 4.55 | E60: 4.97 | F60: 3.99 | G60: =(('ECOLES CONTROLES'!$D60+'ECOLES CONTROLES'!$E60+'ECOLES CONTROLES'!$F60)/3) -> 4.5033333 | H60: Passe | I60: 1
A61: 14 | B61: Oubeida | D61: 6.5 | E61: 5.75 | F61: 5.05 | G61: =(('ECOLES CONTROLES'!$D61+'ECOLES CONTROLES'!$E61+'ECOLES CONTROLES'!$F61)/3) -> 5.7666667 | H61: Passe | I61: 1
A62: 15 | B62: Anissa Rabiou | D62: 1.53 | E62: 0.75 | F62: 2.15 | G62: =(('ECOLES CONTROLES'!$D62+'ECOLES CONTROLES'!$E62+'ECOLES CONTROLES'!$F62)/3) -> 1.4766667 | H62: Redouble | J62: 1
A63: 16 | B63: Amassia Saadou | D63: 2.75 | E63: 3.23 | F63: 2 | G63: =(('ECOLES CONTROLES'!$D63+'ECOLES CONTROLES'!$E63+'ECOLES CONTROLES'!$F63)/3) -> 2.66 | H63: Redouble | J63: 1
A64: 17 | B64: Fadila Noura | D64: 4.75 | E64: 4.95 | F64: 5.132 | G64: =(('ECOLES CONTROLES'!$D64+'ECOLES CONTROLES'!$E64+'ECOLES CONTROLES'!$F64)/3) -> 4.944 | H64: Passe | I64: 1
A65: 18 | B65: Mariama Amadou | D65: 6.5 | E65: 5.75 | F65: 5 | G65: =(('ECOLES CONTROLES'!$D65+'ECOLES CONTROLES'!$E65+'ECOLES CONTROLES'!$F65)/3) -> 5.75 | H65: Passe | I65: 1
A66: 19 | B66: Kamila Bassirou | D66: 5.75 | E66: 5.366 | F66: 4.1 | G66: =(('ECOLES CONTROLES'!$D66+'ECOLES CONTROLES'!$E66+'ECOLES CONTROLES'!$F66)/3) -> 5.072 | H66: Passe | I66: 1
A67: 20 | B67: Sadika Maman | D67: 3.15 | E67: 3 | F67: 2.95 | G67: =(('ECOLES CONTROLES'!$D67+'ECOLES CONTROLES'!$E67+'ECOLES CONTROLES'!$F67)/3) -> 3.0333333 | H67: Redouble | J67: 1
I68: =SUM(I48:I67) -> 13 | J68: =SUM(J48:J67) -> 7
I69: =I68/A67 -> 0.65 | J69: =J68/A67 -> 0.35
A70: Guidan Dan Galadima
A71: 1 | B71: Firdaoussi Mahamadou | D71: 2.12 | E71: 2.01 | F71: 2.98 | G71: =(('ECOLES CONTROLES'!$D71+'ECOLES CONTROLES'!$E71+'ECOLES CONTROLES'!$F71)/3) -> 2.37 | H71: Redouble | J71: 1
A72: 2 | B72: Faouzia Nafiou | D72: 4.1 | E72: 6 | F72: 5.12 | G72: =(('ECOLES CONTROLES'!$D72+'ECOLES CONTROLES'!$E72+'ECOLES CONTROLES'!$F72)/3) -> 5.0733333 | H72: Passe | I72: 1
A73: 3 | B73: Aicha Yahaya | D73: 3.91 | E73: 4.82 | F73: 4.89 | G73: =(('ECOLES CONTROLES'!$D73+'ECOLES CONTROLES'!$E73+'ECOLES CONTROLES'!$F73)/3) -> 4.54 | H73: Passe | I73: 1
A74: 4 | B74: Lawissa Hamza | D74: 3.3 | E74: 3.4 | F74: 3.67 | G74: =(('ECOLES CONTROLES'!$D74+'ECOLES CONTROLES'!$E74+'ECOLES CONTROLES'!$F74)/3) -> 3.4566667 | H74: Redouble | J74: 1
A75: 5 | B75: Ousseina Sale | D75: 5 | E75: 4.38 | F75: 4.15 | G75: =(('ECOLES CONTROLES'!$D75+'ECOLES CONTROLES'!$E75+'ECOLES CONTROLES'!$F75)/3) -> 4.51 | H75: Passe | I75: 1
A76: 6 | B76: Roukaya Ayouba | D76: 4.91 | E76: 5 | F76: 5.1 | G76: =(('ECOLES CONTROLES'!$D76+'ECOLES CONTROLES'!$E76+'ECOLES CONTROLES'!$F76)/3) -> 5.0033333 | H76: Passe | I76: 1
A77: 7 | B77: Halimatou Abdoul Azizou | D77: 3.88 | E77: 4.75 | F77: 4.99 | G77: =(('ECOLES CONTROLES'!$D77+'ECOLES CONTROLES'!$E77+'ECOLES CONTROLES'!$F77)/3) -> 4.54 | H77: Passe | I77: 1
A78: 8 | B78: Salima Saidou | D78: 4.46 | E78: 3.55 | F78: 5.75 | G78: =(('ECOLES CONTROLES'!$D78+'ECOLES CONTROLES'!$E78+'ECOLES CONTROLES'!$F78)/3) -> 4.5866667 | H78: Passe | I78: 1
A79: 9 | B79: Mariama Kassoum | D79: 3.25 | E79: 4.12 | F79: 4.78 | G79: =(('ECOLES CONTROLES'!$D79+'ECOLES CONTROLES'!$E79+'ECOLES CONTROLES'!$F79)/3) -> 4.05 | H79: Redouble | J79: 1
A80: 10 | B80: Faouzia Bassirou | D80: 4.14 | E80: 3.47 | F80: 3.87 | G80: =(('ECOLES CONTROLES'!$D80+'ECOLES CONTROLES'!$E80+'ECOLES CONTROLES'!$F80)/3) -> 3.8266667 | H80: Redouble | J80: 1
A81: 11 | B81: Rafia Hamissou | D81: 5 | E81: 4.86 | F81: 4.5 | G81: =(('ECOLES CONTROLES'!$D81+'ECOLES CONTROLES'!$E81+'ECOLES CONTROLES'!$F81)/3) -> 4.7866667 | H81: Passe | I81: 1
A82: 12 | B82: Mariama Siradji | D82: 4.65 | E82: 5.12 | F82: 3.95 | G82: =(('ECOLES CONTROLES'!$D82+'ECOLES CONTROLES'!$E82+'ECOLES CONTROLES'!$F82)/3) -> 4.5733333 | H82: Passe | I82: 1
A83: 13 | B83: Oubeida Mamane | D83: 5.44 | E83: 3.75 | F83: 4.925 | G83: =(('ECOLES CONTROLES'!$D83+'ECOLES CONTROLES'!$E83+'ECOLES CONTROLES'!$F83)/3) -> 4.705 | H83: Passe | I83: 1
A84: 14 | B84: Siyama wailou | D84: 4.97 | E84: 4.79 | F84: 3.96 | G84: =(('ECOLES CONTROLES'!$D84+'ECOLES CONTROLES'!$E84+'ECOLES CONTROLES'!$F84)/3) -> 4.5733333 | H84: Passe | I84: 1
A85: 15 | B85: Kadija Hamissou | D85: 3.1 | E85: 3.25 | F85: 5.37 | G85: =(('ECOLES CONTROLES'!$D85+'ECOLES CONTROLES'!$E85+'ECOLES CONTROLES'!$F85)/3) -> 3.9066667 | H85: Redouble | J85: 1
A86: 16 | B86: Zeinabou Chitou | D86: 4.14 | E86: 4.56 | F86: 6.12 | G86: =(('ECOLES CONTROLES'!$D86+'ECOLES CONTROLES'!$E86+'ECOLES CONTROLES'!$F86)/3) -> 4.94 | H86: Passe | I86: 1
A87: 17 | B87: Hanifa Hassan | D87: 5.35 | E87: 5.28 | F87: 4.94 | G87: =(('ECOLES CONTROLES'!$D87+'ECOLES CONTROLES'!$E87+'ECOLES CONTROLES'!$F87)/3) -> 5.19 | H87: Passe | I87: 1
A88: 18 | B88: Fadila Yaou | D88: 4.5 | E88: 4.87 | F88: 5.44 | G88: =(('ECOLES CONTROLES'!$D88+'ECOLES CONTROLES'!$E88+'ECOLES CONTROLES'!$F88)/3) -> 4.9366667 | H88: Passe | I88: 1
A89: 19 | B89: Badaria Issaka | D89: 3.89 | E89: 5.1 | F89: 4.56 | G89: =(('ECOLES CONTROLES'!$D89+'ECOLES CONTROLES'!$E89+'ECOLES CONTROLES'!$F89)/3) -> 4.5166667 | H89: Passe | I89: 1
A90: 20 | B90: Mourja Mamane | D90: 2.08 | E90: 2.1 | F90: 3.02 | G90: =(('ECOLES CONTROLES'!$D90+'ECOLES CONTROLES'!$E90+'ECOLES CONTROLES'!$F90)/3) -> 2.4 | H90: Redouble | J90: 1
A91: 21 | B91: Zeinabou Haladou | D91: 4.25 | E91: 3.94 | F91: 5.4 | G91: =(('ECOLES CONTROLES'!$D91+'ECOLES CONTROLES'!$E91+'ECOLES CONTROLES'!$F91)/3) -> 4.53 | H91: Passe | I91: 1
A92: 22 | B92: Kadidja Halilou | D92: 5 | E92: 5.14 | F92: 3.51 | G92: =(('ECOLES CONTROLES'!$D92+'ECOLES CONTROLES'!$E92+'ECOLES CONTROLES'!$F92)/3) -> 4.55 | H92: Passe | I92: 1
A93: 23 | B93: Firdaoussi Mamane | D93: 2.04 | E93: 2.5 | F93: 2.33 | G93: =(('ECOLES CONTROLES'!$D93+'ECOLES CONTROLES'!$E93+'ECOLES CONTROLES'!$F93)/3) -> 2.29 | H93: Redouble | J93: 1
I94: =SUM(I71:I93) -> 16 | J94: =SUM(J71:J93) -> 7
I95: =I94/A93 -> 0.69565217 | J95: =J94/A93 -> 0.30434783
A96: Zabon Mousso
A97: 1 | B97: Lazaatou Achirou | D97: 4.9 | E97: 4.1 | F97: 6 | G97: =(('ECOLES CONTROLES'!$D97+'ECOLES CONTROLES'!$E97+'ECOLES CONTROLES'!$F97)/3) -> 5 | H97: Passe | I97: 1
A98: 2 | B98: Chamsia Abdou | D98: 3.12 | E98: 5.78 | F98: 5.85 | G98: =(('ECOLES CONTROLES'!$D98+'ECOLES CONTROLES'!$E98+'ECOLES CONTROLES'!$F98)/3) -> 4.9166667 | H98: Passe | I98: 1
A99: 3 | B99: Malika ALI | D99: 2 | E99: 3.25 | F99: 3 | G99: =(('ECOLES CONTROLES'!$D99+'ECOLES CONTROLES'!$E99+'ECOLES CONTROLES'!$F99)/3) -> 2.75 | H99: Redouble | J99: 1
A100: 4 | B100: Saida Saadou | D100: 4.51 | E100: 4.49 | F100: 4.6 | G100: =(('ECOLES CONTROLES'!$D100+'ECOLES CONTROLES'!$E100+'ECOLES CONTROLES'!$F100)/3) -> 4.5333333 | H100: Passe | I100: 1
...

Sheet Liste classement écoles interve
A1: Tchadoua liste des écoles interventions CM1 | B1: Taux de réssite | C1: Classement des écoles interventions selon leurs taux de réussite | G1: Tchadoua liste des écoles interventions CM1 | H1: Taux de réssite
A2: ZANGON NA RUWA | B2: 0.9 | C2: 10ème | G2: GUIDAN MAGAGI | H2: 1
A3: DAN GAMJI | B3: 0.91428571 | C3: 8ème | G3: DOUMA 1 | H3: 0.96296296
A4: KURAN MOTA | B4: 0.90909091 | C4: 9ème | G4: TAWALALA | H4: 0.95833333
A5: GUIDAN KARMA | B5: 0.94444444 | C5: 4ème | G5: GUIDAN KARMA | H5: 0.94444444
A6: DAN AICHA | B6: 0.9 | C6: 10ème execo | G6: GUIDAN MOUSSA | H6: 0.9375
A7: GUIDAN MAGAGI | B7: 1 | C7: 1ère | G7: MAI JANGUERO | H7: 0.92307692
A8: GAWARO MADATTAI | B8: 0.92307692 | C8: 6ème | G8: GAWARO MADATTAI | H8: 0.92307692
A9: MAI JANGUERO | B9: 0.92307692 | C9: 6ème execo | G9: JAN RUWA SEDENTAIRE | H9: 0.91666667
A10: JAN RUWA SEDENTAIRE | B10: 0.91666667 | C10: 7ème | G10: DAN GAMJI | H10: 0.91428571
A11: TAWALALA | B11: 0.95833333 | C11: 3ème | G11: KURAN MOTA | H11: 0.90909091
A12: GUIDAN MOUSSA | B12: 0.9375 | C12: 5ème | G12: ZANGON NA RUWA | H12: 0.9
A13: DOUMA 1 | B13: 0.96296296 | C13: 2ème | G13: DAN AICHA | H13: 0.9

Sheet Analyse Tchadoua CM1 
A1: Tchadoua | B1: Total inscrites CM1 | C1: Nombre passe CM2 | D1: Nombre abadon CM1 | E1: Taux de passage CM2 | F1: Taux d'abandon CM1
A2: Intervention | B2: 302 | C2: 280 | D2: 0 | E2: =C2/B2 -> 0.92715232 | F2: =D2/B2 -> 0
A3: Controle | B3: 202 | C3: 124 | D3: 7 | E3: =C3/B3 -> 0.61386139 | F3: =D3/B3 -> 0.034653465

Sheet Graphique des resultats
B5: Les écoles d'intervention
A6: N°d'ordre
B7: Ecole | C7: Effectifs | D7: Redouble | E7: Passe | F7: Pourcentage
A8: 1 | B8: Zangon Na Ruwa | C8: 20 | D8: 2 | E8: 18 | F8: 0.9
A9: 2 | B9: Dan Gamji | C9: 35 | D9: 3 | E9: 32 | F9: 0.9142
A10: 3 | B10: Kuran Mota | C10: 22 | D10: 2 | E10: 20 | F10: 0.909
A11: 4 | B11: Guidan Karma | C11: 18 | D11: 1 | E11: 17 | F11: 0.9444
A12: 5 | B12: Dan Aicha | C12: 30 | D12: 3 | E12: 27 | F12: 0.9
A13: 6 | B13: Guidan Magagi | C13: 18 | D13: 0 | E13: 100 | F13: 1
A14: 7 | B14: Gawaro Madattai | C14: 26 | D14: 2 | E14: 24 | F14: 0.923
A15: 8 | B15: Mai Janguero | C15: 26 | D15: 2 | E15: 24 | F15: 0.923
A16: 9 | B16: Jan Ruwa Sedentaire | C16: 24 | D16: 2 | E16: 22 | F16: 0.9166
A17: 10 | B17: Tawalala | C17: 24 | D17: 1 | E17: 23 | F17: 0.9583
A18: 11 | B18: Guidan Moussa | C18: 32 | D18: 2 | E18: 30 | F18: 0.9375
A19: 12 | B19: Douma 1 | C19: 27 | D19: 2 | E19: 25 | F19: 0.9259
E20: =SUM(E8:E19) -> 362
B22: Les écoles de contrôle
A23: N°d'ordre
B24: Ecole | C24: Effectifs | D24: Redouble | E24: Passe | F24: Pourcentage
A25: 1 | B25: Guidan Tambari | C25: 12 | D25: 5 | E25: 7 | F25: 0.5833
A26: 2 | B26: Dan Bouzou | C26: 20 | D26: 6 | E26: 12 | F26: 0.6666
A27: 3 | B27: Wakasso | C27: 20 | D27: 7 | E27: 13 | F27: 0.65
A28: 4 | B28: Guidan Dan Galadima | C28: 23 | D28: 7 | E28: 16 | F28: 0.6956
A29: 5 | B29: Zabon Mousso | C29: 12 | D29: 5 | E29: 7 | F29: 0.5833
A30: 6 | B30: Bini | C30: 14 | D30: 6 | E30: 8 | F30: 0.5714
A31: 7 | B31: Magami | C31: 14 | D31: 6 | E31: 8 | F31: 0.5714
A32: 8 | B32: Guidan Zoudi | C32: 15 | D32: 6 | E32: 6 | F32: 0.5
A33: 9 | B33: Dan Tumbi | C33: 29 | D33: 8 | E33: 19 | F33: 0.7037
A34: 10 | B34: Kotsi(Algafia) | C34: 17 | D34: 6 | E34: 11 | F34: 0.647
A35: 11 | B35: Chapké | C35: 15 | D35: 5 | E35: 9 | F35: 0.6428
A36: 12 | B36: Guidan Koubé | C36: 11 | D36: 5 | E36: 6 | F36: 0.5454
E37: =SUM(E25:E36) -> 122
