Workbook

Sheet 1. Base de donnée HILIN MU CM2 
B4: BASE DE DONNEE HILIN MU ( COHORTE 6 )
B5: ANNEE ACADEMIQUE 2023-2024
B6: NIEVAU CM2 | Q6: ENDLINE
A7: Ecole | B7: Commune | C7: Nom et prénom de la fille | D7: Nom de Titulaire de la fille au club | E7: Date et lieu de Naissance | F7: Nom de Titulaire de la Fille au club | G7: Annee d'inscription au programme2 | H7: Code de l'école | I7: Numéro HM de la fille | J7: Identifiant Unique | K7: Total des filles | L7: Situation des Filles Fin d'année 2022-2023 | M7: Commetaire sur la situation des Filles 2023-2024 | N7: Commentaire | O7: Mathématique/20 | P7: Français /20 | Q7: Moyenne générale/20 | R7: Mathématique /20 | S7: Français /202 | T7: Moyenne générale2 | U7: Moyenne générale3
A8: Katare 2 | B8: Tibiri/Gobir | C8: Nana Aicha Tsalha | D8: Tsalha Issoufou | E8: 31/12/2011 à Katare | F8: Mme Moussa Mariama | G8: 2023 | H8: 3 | I8: 2 | J8: ='1. Base de donnée HILIN MU CM2 '!$G8&"-"&'1. Base de donnée HILIN MU CM2 '!$H8&"-"&'1. Base de donnée HILIN MU CM2 '!$I8 -> 2023-3-2 | K8: 1 | L8: Passe au CM2 | O8: 3.5 | P8: 6 | Q8: =SUM('1. Base de donnée HILIN MU CM2 '!$O8+'1. Base de donnée HILIN MU CM2 '!$P8)/2 -> 4.75 | R8: 15 | S8: 19 | T8: =('1. Base de donnée HILIN MU CM2 '!$R8+'1. Base de donnée HILIN MU CM2 '!$S8)/2 -> 17
A9: Katare 2 | B9: Tibiri/Gobir | C9: Zainab Hakilou | D9: Hakilou | E9: 31/12/2011 à katare | F9: Mme Ibrahim Nana | G9: 2023 | H9: 3 | I9: 3 | J9: ='1. Base de donnée HILIN MU CM2 '!$G9&"-"&'1. Base de donnée HILIN MU CM2 '!$H9&"-"&'1. Base de donnée HILIN MU CM2 '!$I9 -> 2023-3-3 | K9: =SUM(K8+1) -> 2 | L9: Passe au CM2 | O9: 6 | P9: 6.5 | Q9: =SUM('1. Base de donnée HILIN MU CM2 '!$O9+'1. Base de donnée HILIN MU CM2 '!$P9)/2 -> 6.25 | R9: 19 | S9: 18.25 | T9: =('1. Base de donnée HILIN MU CM2 '!$R9+'1. Base de donnée HILIN MU CM2 '!$S9)/2 -> 18.625
A10: Katare 2 | B10: Tibiri/Gobir | C10: Mariam Chaibou | D10: Chaibou | E10: 31/12/2011 à katare | F10: Mme Ibrahim Nana | G10: 2023 | H10: 3 | I10: 4 | J10: ='1. Base de donnée HILIN MU CM2 '!$G10&"-"&'1. Base de donnée HILIN MU CM2 '!$H10&"-"&'1. Base de donnée HILIN MU CM2 '!$I10 -> 2023-3-4 | K10: =SUM(K9+1) -> 3 | L10: Passe au CM2 | O10: 3 | P10: 3.5 | Q10: =SUM('1. Base de donnée HILIN MU CM2 '!$O10+'1. Base de donnée HILIN MU CM2 '!$P10)/2 -> 3.25 | R10: 18 | S10: 15 | T10: =('1. Base de donnée HILIN MU CM2 '!$R10+'1. Base de donnée HILIN MU CM2 '!$S10)/2 -> 16.5
A11: Katare 2 | B11: Tibiri/Gobir | C11: Samira Elhadji tsalha | D11: Elhadji Tsalha Issoufou | E11: 31/12/2011 à katare | F11: Mme Ibrahim Nana | G11: 2023 | H11: 3 | I11: 5 | J11: ='1. Base de donnée HILIN MU CM2 '!$G11&"-"&'1. Base de donnée HILIN MU CM2 '!$H11&"-"&'1. Base de donnée HILIN MU CM2 '!$I11 -> 2023-3-5 | K11: =SUM(K10+1) -> 4 | L11: Passe au CM2 | O11: 2.5 | P11: 1.25 | Q11: =SUM('1. Base de donnée HILIN MU CM2 '!$O11+'1. Base de donnée HILIN MU CM2 '!$P11)/2 -> 1.875 | R11: 14.5 | S11: 17.5 | T11: =('1. Base de donnée HILIN MU CM2 '!$R11+'1. Base de donnée HILIN MU CM2 '!$S11)/2 -> 16
A12: Katare 2 | B12: Tibiri/Gobir | C12: Aliya Roufai | D12: Roufai | E12: 31/12/2011 à katare | F12: Mme Ibrahim Nana | G12: 2023 | H12: 3 | I12: 6 | J12: ='1. Base de donnée HILIN MU CM2 '!$G12&"-"&'1. Base de donnée HILIN MU CM2 '!$H12&"-"&'1. Base de donnée HILIN MU CM2 '!$I12 -> 2023-3-6 | K12: =SUM(K11+1) -> 5 | L12: Passe au CM2 | O12: 6.25 | P12: 1 | Q12: =SUM('1. Base de donnée HILIN MU CM2 '!$O12+'1. Base de donnée HILIN MU CM2 '!$P12)/2 -> 3.625 | R12: 16 | S12: 14.5 | T12: =('1. Base de donnée HILIN MU CM2 '!$R12+'1. Base de donnée HILIN MU CM2 '!$S12)/2 -> 15.25
A13: Katare 2 | B13: Tibiri/Gobir | C13: Azima Harouna | D13: Harouna Ousseini | E13: 31/12/2011 à katare | F13: Mme Moussa Mariama | G13: 2023 | H13: 3 | I13: 7 | J13: ='1. Base de donnée HILIN MU CM2 '!$G13&"-"&'1. Base de donnée HILIN MU CM2 '!$H13&"-"&'1. Base de donnée HILIN MU CM2 '!$I13 -> 2023-3-7 | K13: =SUM(K12+1) -> 6 | L13: Passe au CM2 | O13: 3 | P13: 4.5 | Q13: =SUM('1. Base de donnée HILIN MU CM2 '!$O13+'1. Base de donnée HILIN MU CM2 '!$P13)/2 -> 3.75 | R13: 13 | S13: 16 | T13: =('1. Base de donnée HILIN MU CM2 '!$R13+'1. Base de donnée HILIN MU CM2 '!$S13)/2 -> 14.5
A14: Katare 2 | B14: Tibiri/Gobir | C14: Fatiha Amadou | D14: Amadou Laouali | E14: 31/12/2011 à katare | F14: Mme Ibrahim Nana | G14: 2023 | H14: 3 | I14: 8 | J14: ='1. Base de donnée HILIN MU CM2 '!$G14&"-"&'1. Base de donnée HILIN MU CM2 '!$H14&"-"&'1. Base de donnée HILIN MU CM2 '!$I14 -> 2023-3-8 | K14: =SUM(K13+1) -> 7 | L14: Passe au CM2 | O14: 6.5 | P14: 8 | Q14: =SUM('1. Base de donnée HILIN MU CM2 '!$O14+'1. Base de donnée HILIN MU CM2 '!$P14)/2 -> 7.25 | R14: 18.25 | S14: 15 | T14: =('1. Base de donnée HILIN MU CM2 '!$R14+'1. Base de donnée HILIN MU CM2 '!$S14)/2 -> 16.625
A15: Katare 2 | B15: Tibiri/Gobir | C15: Nana Nahaitou Hamissou | D15: Hamissou abdou | E15: 31/12/2011 à katare | F15: Mme Moussa Mariama | G15: 2023 | H15: 3 | I15: 9 | J15: ='1. Base de donnée HILIN MU CM2 '!$G15&"-"&'1. Base de donnée HILIN MU CM2 '!$H15&"-"&'1. Base de donnée HILIN MU CM2 '!$I15 -> 2023-3-9 | K15: =SUM(K14+1) -> 8 | L15: Passe au CM2 | O15: 2.5 | P15: 5 | Q15: =SUM('1. Base de donnée HILIN MU CM2 '!$O15+'1. Base de donnée HILIN MU CM2 '!$P15)/2 -> 3.75 | R15: 17 | S15: 18 | T15: =('1. Base de donnée HILIN MU CM2 '!$R15+'1. Base de donnée HILIN MU CM2 '!$S15)/2 -> 17.5
A16: Katare 2 | B16: Tibiri/Gobir | C16: Nana Kaoussar Sahailou | D16: Sahailou tsalha | E16: 31/12/2011 à katare | F16: Mme Moussa Mariama | G16: 2023 | H16: 3 | I16: 10 | J16: ='1. Base de donnée HILIN MU CM2 '!$G16&"-"&'1. Base de donnée HILIN MU CM2 '!$H16&"-"&'1. Base de donnée HILIN MU CM2 '!$I16 -> 2023-3-10 | K16: =SUM(K15+1) -> 9 | L16: Passe au CM2 | O16: 8.5 | P16: 8.75 | Q16: =SUM('1. Base de donnée HILIN MU CM2 '!$O16+'1. Base de donnée HILIN MU CM2 '!$P16)/2 -> 8.625 | R16: 19 | S16: 15.75 | T16: =('1. Base de donnée HILIN MU CM2 '!$R16+'1. Base de donnée HILIN MU CM2 '!$S16)/2 -> 17.375
A17: Katare 2 | B17: Tibiri/Gobir | C17: Sabila Hamza Issa | D17: Hamza Issa | E17: 31/12/2011 à katare | F17: Mme Moussa Mariama | G17: 2023 | H17: 3 | I17: 11 | J17: ='1. Base de donnée HILIN MU CM2 '!$G17&"-"&'1. Base de donnée HILIN MU CM2 '!$H17&"-"&'1. Base de donnée HILIN MU CM2 '!$I17 -> 2023-3-11 | K17: =SUM(K16+1) -> 10 | L17: Passe au CM2 | O17: 8 | P17: 9 | Q17: =SUM('1. Base de donnée HILIN MU CM2 '!$O17+'1. Base de donnée HILIN MU CM2 '!$P17)/2 -> 8.5 | R17: 18 | S17: 17.75 | T17: =('1. Base de donnée HILIN MU CM2 '!$R17+'1. Base de donnée HILIN MU CM2 '!$S17)/2 -> 17.875
A18: Katare 2 | B18: Tibiri/Gobir | C18: Amina Ousmane | D18: Ousmane | E18: 31/12/2011 à katare | F18: Mme Ibrahim Nana | G18: 2023 | H18: 3 | I18: 12 | J18: ='1. Base de donnée HILIN MU CM2 '!$G18&"-"&'1. Base de donnée HILIN MU CM2 '!$H18&"-"&'1. Base de donnée HILIN MU CM2 '!$I18 -> 2023-3-12 | K18: =SUM(K17+1) -> 11 | L18: Passe au CM2 | O18: 2.5 | P18: 5.25 | Q18: =SUM('1. Base de donnée HILIN MU CM2 '!$O18+'1. Base de donnée HILIN MU CM2 '!$P18)/2 -> 3.875 | R18: 16 | S18: 15.5 | T18: =('1. Base de donnée HILIN MU CM2 '!$R18+'1. Base de donnée HILIN MU CM2 '!$S18)/2 -> 15.75
A19: Katare 2 | B19: Tibiri/Gobir | C19: Amatoulaye Ibrahim | D19: Ibrahim | E19: 31/12/2011 à katare | F19: Mme Ibrahim Nana | G19: 2023 | H19: 3 | I19: 13 | J19: ='1. Base de donnée HILIN MU CM2 '!$G19&"-"&'1. Base de donnée HILIN MU CM2 '!$H19&"-"&'1. Base de donnée HILIN MU CM2 '!$I19 -> 2023-3-13 | K19: =SUM(K18+1) -> 12 | L19: Passe au CM2 | O19: 1.25 | P19: 0.5 | Q19: =SUM('1. Base de donnée HILIN MU CM2 '!$O19+'1. Base de donnée HILIN MU CM2 '!$P19)/2 -> 0.875 | R19: 16 | S19: 16.5 | T19: =('1. Base de donnée HILIN MU CM2 '!$R19+'1. Base de donnée HILIN MU CM2 '!$S19)/2 -> 16.25
A20: Katare 2 | B20: Tibiri/Gobir | C20: Fati Issia | D20: Issia | E20: 31/12/2011 à katare | F20: Mme Moussa Mariama | G20: 2023 | H20: 3 | I20: 14 | J20: ='1. Base de donnée HILIN MU CM2 '!$G20&"-"&'1. Base de donnée HILIN MU CM2 '!$H20&"-"&'1. Base de donnée HILIN MU CM2 '!$I20 -> 2023-3-14 | K20: =SUM(K19+1) -> 13 | L20: Passe au CM2 | O20: 7 | P20: 10.75 | Q20: =SUM('1. Base de donnée HILIN MU CM2 '!$O20+'1. Base de donnée HILIN MU CM2 '!$P20)/2 -> 8.875 | R20: 18.25 | S20: 17 | T20: =('1. Base de donnée HILIN MU CM2 '!$R20+'1. Base de donnée HILIN MU CM2 '!$S20)/2 -> 17.625
... A68: Louloubi | B68: Sae Saboua | C68: Nafissa Adamou | D68: Adamou Abdou | E68: 01/01/2010 à louloubi | F68: Mme Ramatou Ibrahim Bawa | G68: 2023 | H68: 89 | I68: 56 | J68: ='1. Base de donnée HILIN MU CM2 '!$G68&"-"&'1. Base de donnée HILIN MU CM2 '!$H68&"-"&'1. Base de donnée HILIN MU CM2 '!$I68 -> 2023-89-56 | K68: =SUM(K67+1) -> 61 | L68: Passe au CM2 | O68: 6 | P68: 7.25 | Q68: =SUM('1. Base de donnée HILIN MU CM2 '!$O68+'1. Base de donnée HILIN MU CM2 '!$P68)/2 -> 6.625 | R68: 12 | S68: 11 | T68: =('1. Base de donnée HILIN MU CM2 '!$R68+'1. Base de donnée HILIN MU CM2 '!$S68)/2 -> 11.5
A69: Louloubi | B69: Sae Saboua | C69: Nousseiba Sadou | D69: Saadou Bala | E69: 01/01/2010 à louloubi | F69: Mme Ramatou Ibrahim Bawa | G69: 2023 | H69: 89 | I69: 57 | J69: ='1. Base de donnée HILIN MU CM2 '!$G69&"-"&'1. Base de donnée HILIN MU CM2 '!$H69&"-"&'1. Base de donnée HILIN MU CM2 '!$I69 -> 2023-89-57 | K69: =SUM(K68+1) -> 62 | L69: Passe au CM2 | O69: transferée | P69: 4.5
A70: Louloubi | B70: Sae Saboua | C70: Loubabatou Yacouba | D70: Yacouba | E70: 01/01/2010 à louloubi | F70: Mme Ramatou Ibrahim Bawa | G70: 2023 | H70: 89 | I70: 58 | J70: ='1. Base de donnée HILIN MU CM2 '!$G70&"-"&'1. Base de donnée HILIN MU CM2 '!$H70&"-"&'1. Base de donnée HILIN MU CM2 '!$I70 -> 2023-89-58 | K70: =SUM(K69+1) -> 63 | L70: Passe au CM2 | O70: 1.5 | P70: 4.75 | Q70: =SUM('1. Base de donnée HILIN MU CM2 '!$O70+'1. Base de donnée HILIN MU CM2 '!$P70)/2 -> 3.125 | R70: 8.5 | S70: 12 | T70: =('1. Base de donnée HILIN MU CM2 '!$R70+'1. Base de donnée HILIN MU CM2 '!$S70)/2 -> 10.25
A71: Louloubi | B71: Sae Saboua | C71: Azima Alassan | D71: Alassan Ibrahim | E71: 01/01/2010 à louloubi | F71: Mme Hamisou Saybatou | G71: 2022 | H71: 89 | I71: 1 | J71: ='1. Base de donnée HILIN MU CM2 '!$G71&"-"&'1. Base de donnée HILIN MU CM2 '!$H71&"-"&'1. Base de donnée HILIN MU CM2 '!$I71 -> 2022-89-1 | K71: =SUM(K70+1) -> 64 | L71: Passe au CM2 | O71: 1.5 | P71: 5 | Q71: =SUM('1. Base de donnée HILIN MU CM2 '!$O71+'1. Base de donnée HILIN MU CM2 '!$P71)/2 -> 3.25 | R71: 14 | S71: 11.5 | T71: =('1. Base de donnée HILIN MU CM2 '!$R71+'1. Base de donnée HILIN MU CM2 '!$S71)/2 -> 12.75
A72: Louloubi | B72: Sae Saboua | C72: Nassaiba Yacoubou | D72: Yacoubou Ousmane | E72: 01/01/2010 à louloubi | F72: Mme Hamisou Saybatou | G72: 2022 | H72: 89 | I72: 8 | J72: ='1. Base de donnée HILIN MU CM2 '!$G72&"-"&'1. Base de donnée HILIN MU CM2 '!$H72&"-"&'1. Base de donnée HILIN MU CM2 '!$I72 -> 2022-89-8 | K72: =SUM(K71+1) -> 65 | L72: Passe au CM2 | O72: transferée
A73: Louloubi | B73: Sae Saboua | C73: Napissa Oumarou | D73: Oumarou Yacouba | E73: 01/01/2010 à louloubi | F73: Mme Hamisou Saybatou | G73: 2022 | H73: 89 | I73: 9 | J73: ='1. Base de donnée HILIN MU CM2 '!$G73&"-"&'1. Base de donnée HILIN MU CM2 '!$H73&"-"&'1. Base de donnée HILIN MU CM2 '!$I73 -> 2022-89-9 | K73: =SUM(K72+1) -> 66 | L73: Passe au CM2 | O73: 3 | P73: 3 | Q73: =SUM('1. Base de donnée HILIN MU CM2 '!$O73+'1. Base de donnée HILIN MU CM2 '!$P73)/2 -> 3 | R73: 11 | S73: 12 | T73: =('1. Base de donnée HILIN MU CM2 '!$R73+'1. Base de donnée HILIN MU CM2 '!$S73)/2 -> 11.5
A74: Louloubi | B74: Sae Saboua | C74: Habiba Aliou | D74: Aliou Yahaya | E74: 01/01/2010 à louloubi | F74: Mme Hamisou Saybatou | G74: 2022 | H74: 89 | I74: 14 | J74: ='1. Base de donnée HILIN MU CM2 '!$G74&"-"&'1. Base de donnée HILIN MU CM2 '!$H74&"-"&'1. Base de donnée HILIN MU CM2 '!$I74 -> 2022-89-14 | K74: =SUM(K73+1) -> 67 | L74: Passe au CM2 | O74: 3.5 | P74: 6 | Q74: =SUM('1. Base de donnée HILIN MU CM2 '!$O74+'1. Base de donnée HILIN MU CM2 '!$P74)/2 -> 4.75 | R74: 14 | S74: 16.5 | T74: =('1. Base de donnée HILIN MU CM2 '!$R74+'1. Base de donnée HILIN MU CM2 '!$S74)/2 -> 15.25
A75: Louloubi | B75: Sae Saboua | C75: Azima Idi | D75: Idi | E75: 01/01/2010 à louloubi | F75: Mme Ramatou Ibrahim Bawa | G75: 2024 | H75: 89 | I75: 930 | J75: ='1. Base de donnée HILIN MU CM2 '!$G75&"-"&'1. Base de donnée HILIN MU CM2 '!$H75&"-"&'1. Base de donnée HILIN MU CM2 '!$I75 -> 2024-89-930 | K75: =SUM(K74+1) -> 68 | L75: Passe au CM2 | O75: 5 | P75: 4 | Q75: =SUM('1. Base de donnée HILIN MU CM2 '!$O75+'1. Base de donnée HILIN MU CM2 '!$P75)/2 -> 4.5 | R75: 14 | S75: 11.5 | T75: =('1. Base de donnée HILIN MU CM2 '!$R75+'1. Base de donnée HILIN MU CM2 '!$S75)/2 -> 12.75
A76: Louloubi | B76: Sae Saboua | C76: Aicha Laouali | D76: Laouali | E76: 01/01/2010 à louloubi | F76: Mme Ramatou Ibrahim Bawa | G76: 2024 | H76: 89 | I76: 931 | J76: ='1. Base de donnée HILIN MU CM2 '!$G76&"-"&'1. Base de donnée HILIN MU CM2 '!$H76&"-"&'1. Base de donnée HILIN MU CM2 '!$I76 -> 2024-89-931 | K76: =SUM(K75+1) -> 69 | L76: Passe au CM2 | O76: 6.5 | P76: 8 | Q76: =SUM('1. Base de donnée HILIN MU CM2 '!$O76+'1. Base de donnée HILIN MU CM2 '!$P76)/2 -> 7.25 | R76: 17 | S76: 13.5 | T76: =('1. Base de donnée HILIN MU CM2 '!$R76+'1. Base de donnée HILIN MU CM2 '!$S76)/2 -> 15.25
A77: Louloubi | B77: Sae Saboua | C77: Farida Saadou | D77: Saadou | E77: 01/01/2010 à louloubi | F77: Mme Hamisou Saybatou | G77: 2024 | H77: 89 | I77: 932 | J77: ='1. Base de donnée HILIN MU CM2 '!$G77&"-"&'1. Base de donnée HILIN MU CM2 '!$H77&"-"&'1. Base de donnée HILIN MU CM2 '!$I77 -> 2024-89-932 | K77: =SUM(K76+1) -> 70 | L77: Passe au CM2 | O77: 6 | P77: 7 | Q77: =SUM('1. Base de donnée HILIN MU CM2 '!$O77+'1. Base de donnée HILIN MU CM2 '!$P77)/2 -> 6.5 | R77: 18 | S77: 14 | T77: =('1. Base de donnée HILIN MU CM2 '!$R77+'1. Base de donnée HILIN MU CM2 '!$S77)/2 -> 16
A78: Louloubi | B78: Sae Saboua | C78: Fatchima Ibrahim | D78: Ibrahim | E78: 01/01/2010 à louloubi | F78: Mme Ramatou Ibrahim Bawa | G78: 2024 | H78: 89 | I78: 933 | J78: ='1. Base de donnée HILIN MU CM2 '!$G78&"-"&'1. Base de donnée HILIN MU CM2 '!$H78&"-"&'1. Base de donnée HILIN MU CM2 '!$I78 -> 2024-89-933 | K78: =SUM(K77+1) -> 71 | L78: Passe au CM2 | O78: 5 | P78: 6.5 | Q78: =SUM('1. Base de donnée HILIN MU CM2 '!$O78+'1. Base de donnée HILIN MU CM2 '!$P78)/2 -> 5.75 | R78: 17 | S78: 14 | T78: =('1. Base de donnée HILIN MU CM2 '!$R78+'1. Base de donnée HILIN MU CM2 '!$S78)/2 -> 15.5
A79: Louloubi | B79: Sae Saboua | C79: Ramatou Abdoul Karim | D79: Abdoul Karim | E79: 01/01/2010 à louloubi | F79: Mme Hamisou Saybatou | G79: 2024 | H79: 89 | I79: 934 | J79: ='1. Base de donnée HILIN MU CM2 '!$G79&"-"&'1. Base de donnée HILIN MU CM2 '!$H79&"-"&'1. Base de donnée HILIN MU CM2 '!$I79 -> 2024-89-934 | K79: =SUM(K78+1) -> 72 | L79: Passe au CM2 | O79: 4 | P79: 4.25 | Q79: =SUM('1. Base de donnée HILIN MU CM2 '!$O79+'1. Base de donnée HILIN MU CM2 '!$P79)/2 -> 4.125 | R79: 19.5 | S79: 20 | T79: =('1. Base de donnée HILIN MU CM2 '!$R79+'1. Base de donnée HILIN MU CM2 '!$S79)/2 -> 19.75
A80: Louloubi | B80: Sae Saboua | C80: Ramatou Oumarou | D80: Oumarou | E80: 01/01/2010 à louloubi | F80: Mme Ramatou Ibrahim Bawa | G80: 2024 | H80: 89 | I80: 935 | J80: ='1. Base de donnée HILIN MU CM2 '!$G80&"-"&'1. Base de donnée HILIN MU CM2 '!$H80&"-"&'1. Base de donnée HILIN MU CM2 '!$I80 -> 2024-89-935 | K80: =SUM(K79+1) -> 73 | L80: Passe au CM2 | O80: 4 | P80: 5.5 | Q80: =SUM('1. Base de donnée HILIN MU CM2 '!$O80+'1. Base de donnée HILIN MU CM2 '!$P80)/2 -> 4.75 | R80: 16.5 | S80: 16.5 | T80: =('1. Base de donnée HILIN MU CM2 '!$R80+'1. Base de donnée HILIN MU CM2 '!$S80)/2 -> 16.5
A81: Louloubi | B81: Sae Saboua | C81: Ramatou Yahaya | D81: Yahaya | E81: 01/01/2010 à louloubi | F81: Mme Hamisou Saybatou | G81: 2024 | H81: 89 | I81: 936 | J81: ='1. Base de donnée HILIN MU CM2 '!$G81&"-"&'1. Base de donnée HILIN MU CM2 '!$H81&"-"&'1. Base de donnée HILIN MU CM2 '!$I81 -> 2024-89-936 | K81: =SUM(K80+1) -> 74 | L81: Passe au CM2 | O81: 7.5 | P81: 7 | Q81: =SUM('1. Base de donnée HILIN MU CM2 '!$O81+'1. Base de donnée HILIN MU CM2 '!$P81)/2 -> 7.25 | R81: 16.5 | S81: 16.5 | T81: =('1. Base de donnée HILIN MU CM2 '!$R81+'1. Base de donnée HILIN MU CM2 '!$S81)/2 -> 16.5
A82: Soura 3 | B82: Tibiri/Gobir | C82: Shamsia Laouali | D82: Laouali | E82: 01/01/2012 à Soura | F82: Mme Boubacar Fatchouma | G82: 2023 | H82: 2 | I82: 59 | J82: ='1. Base de donnée HILIN MU CM2 '!$G82&"-"&'1. Base de donnée HILIN MU CM2 '!$H82&"-"&'1. Base de donnée HILIN MU CM2 '!$I82 -> 2023-2-59 | K82: =SUM(K81+1) -> 75 | L82: Passe au CM2 | O82: 12 | P82: 1.5 | Q82: =SUM('1. Base de donnée HILIN MU CM2 '!$O82+'1. Base de donnée HILIN MU CM2 '!$P82)/2 -> 6.75 | R82: 16 | S82: 17 | T82: =('1. Base de donnée HILIN MU CM2 '!$R82+'1. Base de donnée HILIN MU CM2 '!$S82)/2 -> 16.5
A83: Soura 3 | B83: Tibiri/Gobir | C83: Firdaoussi Sanoussi | D83: Sanoussi | E83: 01/01/2012 à Soura | F83: Mme Boubacar Fatchouma | G83: 2023 | H83: 2 | I83: 60 | J83: ='1. Base de donnée HILIN MU CM2 '!$G83&"-"&'1. Base de donnée HILIN MU CM2 '!$H83&"-"&'1. Base de donnée HILIN MU CM2 '!$I83 -> 2023-2-60 | K83: =SUM(K82+1) -> 76 | L83: Passe au CM2 | O83: 8 | P83: 6 | Q83: =SUM('1. Base de donnée HILIN MU CM2 '!$O83+'1. Base de donnée HILIN MU CM2 '!$P83)/2 -> 7 | R83: 16 | S83: 15.5 | T83: =('1. Base de donnée HILIN MU CM2 '!$R83+'1. Base de donnée HILIN MU CM2 '!$S83)/2 -> 15.75
A84: Soura 3 | B84: Tibiri/Gobir | C84: Zainab Sani | D84: Sani Chaibou | E84: 01/01/2012 à Soura | F84: Mme Boubacar Fatchouma | G84: 2023 | H84: 2 | I84: 61 | J84: ='1. Base de donnée HILIN MU CM2 '!$G84&"-"&'1. Base de donnée HILIN MU CM2 '!$H84&"-"&'1. Base de donnée HILIN MU CM2 '!$I84 -> 2023-2-61 | K84: =SUM(K83+1) -> 77 | L84: Passe au CM2 | O84: 4.5 | P84: 7 | Q84: =SUM('1. Base de donnée HILIN MU CM2 '!$O84+'1. Base de donnée HILIN MU CM2 '!$P84)/2 -> 5.75 | R84: 17.75 | S84: 18.25 | T84: =('1. Base de donnée HILIN MU CM2 '!$R84+'1. Base de donnée HILIN MU CM2 '!$S84)/2 -> 18
... A93: Soura 3 | B93: Tibiri/Gobir | C93: Souraya Salissou | D93: Salissou Amani | E93: 01/01/2012 à Soura | F93: Mme Boubacar Fatchouma | G93: 2023 | H93: 2 | I93: 71 | J93: ='1. Base de donnée HILIN MU CM2 '!$G93&"-"&'1. Base de donnée HILIN MU CM2 '!$H93&"-"&'1. Base de donnée HILIN MU CM2 '!$I93 -> 2023-2-71 | K93: =SUM(K92+1) -> 86 | L93: Passe au CM2 | O93: 12.5 | P93: 6.5 | Q93: =SUM('1. Base de donnée HILIN MU CM2 '!$O93+'1. Base de donnée HILIN MU CM2 '!$P93)/2 -> 9.5 | R93: 17 | S93: 17 | T93: =('1. Base de donnée HILIN MU CM2 '!$R93+'1. Base de donnée HILIN MU CM2 '!$S93)/2 -> 17
A94: Soura 3 | B94: Tibiri/Gobir | C94: Chamsiya Boureima | D94: Boureima | E94: 01/01/2011 à Soura | G94: 2023 | H94: 2 | I94: 889 | J94: ='1. Base de donnée HILIN MU CM2 '!$G94&"-"&'1. Base de donnée HILIN MU CM2 '!$H94&"-"&'1. Base de donnée HILIN MU CM2 '!$I94 -> 2023-2-889 | K94: =SUM(K93+1) -> 87 | L94: Passe au CM2 | M94: Abandon | N94: Abandon | Q94: =SUM('1. Base de donnée HILIN MU CM2 '!$O94+'1. Base de donnée HILIN MU CM2 '!$P94)/2 -> 0 | T94: =('1. Base de donnée HILIN MU CM2 '!$R94+'1. Base de donnée HILIN MU CM2 '!$S94)/2 -> 0 | U94: transferée
A95: Soura 3 | B95: Tibiri/Gobir | C95: Rissala Salissou | D95: Salissou | E95: 01/01/2011 à Soura | F95: Mme Boubacar Fatchouma | G95: 2023 | H95: 2 | I95: 891 | J95: ='1. Base de donnée HILIN MU CM2 '!$G95&"-"&'1. Base de donnée HILIN MU CM2 '!$H95&"-"&'1. Base de donnée HILIN MU CM2 '!$I95 -> 2023-2-891 | K95: =SUM(K94+1) -> 88 | L95: Passe au CM2 | O95: 11 | P95: 3.5 | Q95: =SUM('1. Base de donnée HILIN MU CM2 '!$O95+'1. Base de donnée HILIN MU CM2 '!$P95)/2 -> 7.25 | R95: 15 | S95: 13.5 | T95: =('1. Base de donnée HILIN MU CM2 '!$R95+'1. Base de donnée HILIN MU CM2 '!$S95)/2 -> 14.25
A96: Soura 3 | B96: Tibiri/Gobir | C96: Soumaya Nassirou | D96: Nassirou | E96: 01/01/2011 à Soura | F96: Mme Boubacar Fatchouma | G96: 2023 | H96: 2 | I96: 893 | J96: ='1. Base de donnée HILIN MU CM2 '!$G96&"-"&'1. Base de donnée HILIN MU CM2 '!$H96&"-"&'1. Base de donnée HILIN MU CM2 '!$I96 -> 2023-2-893 | K96: =SUM(K95+1) -> 89 | L96: Passe au CM2 | O96: 9.5 | P96: 6 | Q96: =SUM('1. Base de donnée HILIN MU CM2 '!$O96+'1. Base de donnée HILIN MU CM2 '!$P96)/2 -> 7.75 | R96: 15 | S96: 13 | T96: =('1. Base de donnée HILIN MU CM2 '!$R96+'1. Base de donnée HILIN MU CM2 '!$S96)/2 -> 14
A97: Soura 3 | B97: Tibiri/Gobir | C97: Soumaya Issoufou | D97: Issoufou | E97: 01/01/2011 à Soura | F97: Mme Boubacar Fatchouma | G97: 2023 | H97: 2 | I97: 894 | J97: ='1. Base de donnée HILIN MU CM2 '!$G97&"-"&'1. Base de donnée HILIN MU CM2 '!$H97&"-"&'1. Base de donnée HILIN MU CM2 '!$I97 -> 2023-2-894 | K97: =SUM(K96+1) -> 90 | L97: Passe au CM2 | O97: 11.5 | P97: 10.5 | Q97: =SUM('1. Base de donnée HILIN MU CM2 '!$O97+'1. Base de donnée HILIN MU CM2 '!$P97)/2 -> 11 | R97: 18 | S97: 18.5 | T97: =('1. Base de donnée HILIN MU CM2 '!$R97+'1. Base de donnée HILIN MU CM2 '!$S97)/2 -> 18.25
A98: Takalmaoua 1 | B98: Djiratawa | C98: Karima Baraou | D98: Baraou | E98: 01/01/2012 àTakalmaoua | F98: Mme Amadou Aminatou | G98: 2023 | H98: 36 | I98: 72 | J98: ='1. Base de donnée HILIN MU CM2 '!$G98&"-"&'1. Base de donnée HILIN MU CM2 '!$H98&"-"&'1. Base de donnée HILIN MU CM2 '!$I98 -> 2023-36-72 | K98: =SUM(K97+1) -> 91 | L98: Passe au CM2 | O98: 0.5 | P98: 3 | Q98: =SUM('1. Base de donnée HILIN MU CM2 '!$O98+'1. Base de donnée HILIN MU CM2 '!$P98)/2 -> 1.75 | R98: 16 | S98: 12.5 | T98: =('1. Base de donnée HILIN MU CM2 '!$R98+'1. Base de donnée HILIN MU CM2 '!$S98)/2 -> 14.25
A99: Takalmaoua 1 | B99: Djiratawa | C99: Rachida Maazou | D99: Alassan Almou | E99: 01/01/2012 à Takalmaoua | F99: Mme Amadou Aminatou | G99: 2023 | H99: 36 | I99: 73 | J99: ='1. Base de donnée HILIN MU CM2 '!$G99&"-"&'1. Base de donnée HILIN MU CM2 '!$H99&"-"&'1. Base de donnée HILIN MU CM2 '!$I99 -> 2023-36-73 | K99: =SUM(K98+1) -> 92 | L99: Passe au CM2 | O99: 2 | P99: 6.5 | Q99: =SUM('1. Base de donnée HILIN MU CM2 '!$O99+'1. Base de donnée HILIN MU CM2 '!$P99)/2 -> 4.25 | R99: 16 | S99: 10 | T99: =('1. Base de donnée HILIN MU CM2 '!$R99+'1. Base de donnée HILIN MU CM2 '!$S99)/2 -> 13
A100: Takalmaoua 1 | B100: Djiratawa | C100: Aicha Samaila | D100: Samaila | E100: 01/01/2012 à Takalmaoua | F100: Mme Amadou Aminatou | G100: 2023 | H100: 36 | I100: 74 | J100: ='1. Base de donnée HILIN MU CM2 '!$G100&"-"&'1. Base de donnée HILIN MU CM2 '!$H100&"-"&'1. Base de donnée HILIN MU CM2 '!$I100 -> 2023-36-74 | K100: =SUM(K99+1) -> 93 | L100: Passe au CM2 | O100: 0 | P100: 2 | Q100: =SUM('1. Base de donnée HILIN MU CM2 '!$O100+'1. Base de donnée HILIN MU CM2 '!$P100)/2 -> 1 | R100: 16 | S100: 13 | T100: =('1. Base de donnée HILIN MU CM2 '!$R100+'1. Base de donnée HILIN MU CM2 '!$S100)/2 -> 14.5
A101: Takalmaoua 1 | B101: Djiratawa | C101: Hafiza Sani | D101: Sani Yahaya | E101: 01/01/2012 à Takalmaoua | F101: Mme Amadou Aminatou | G101: 2023 | H101: 36 | I101: 75 | J101: ='1. Base de donnée HILIN MU CM2 '!$G101&"-"&'1. Base de donnée HILIN MU CM2 '!$H101&"-"&'1. Base de donnée HILIN MU CM2 '!$I101 -> 2023-36-75 | K101: =SUM(K100+1) -> 94 | L101: Passe au CM2 | O101: 1 | P101: 7 | Q101: =SUM('1. Base de donnée HILIN MU CM2 '!$O101+'1. Base de donnée HILIN MU CM2 '!$P101)/2 -> 4 | R101: 16 | S101: 10.5 | T101: =('1. Base de donnée HILIN MU CM2 '!$R101+'1. Base de donnée HILIN MU CM2 '!$S101)/2 -> 13.25
A102: Takalmaoua 1 | B102: Djiratawa | C102: Yasmina Salissou | D102: Salissou | E102: 01/01/2012 à Takalmaoua | F102: Mme Amadou Aminatou | G102: 2023 | H102: 36 | I102: 77 | J102: ='1. Base de donnée HILIN MU CM2 '!$G102&"-"&'1. Base de donnée HILIN MU CM2 '!$H102&"-"&'1. Base de donnée HILIN MU CM2 '!$I102 -> 2023-36-77 | K102: =SUM(K101+1) -> 95 | L102: Passe au CM2 | O102: 1.5 | P102: 0.5 | Q102: =SUM('1. Base de donnée HILIN MU CM2 '!$O102+'1. Base de donnée HILIN MU CM2 '!$P102)/2 -> 1 | R102: 16 | S102: 11.5 | T102: =('1. Base de donnée HILIN MU CM2 '!$R102+'1. Base de donnée HILIN MU CM2 '!$S102)/2 -> 13.75
A103: Takalmaoua 1 | B103: Djiratawa | C103: Nazifa Illa | D103: Illa Issoufou | E103: 01/01/2012 à Takalmaoua | F103: Mme Amadou Aminatou | G103: 2023 | H103: 36 | I103: 78 | J103: ='1. Base de donnée HILIN MU CM2 '!$G103&"-"&'1. Base de donnée HILIN MU CM2 '!$H103&"-"&'1. Base de donnée HILIN MU CM2 '!$I103 -> 2023-36-78 | K103: =SUM(K102+1) -> 96 | L103: Passe au CM2 | O103: 3.5 | P103: 5 | Q103: =SUM('1. Base de donnée HILIN MU CM2 '!$O103+'1. Base de donnée HILIN MU CM2 '!$P103)/2 -> 4.25 | R103: 16 | S103: 12 | T103: =('1. Base de donnée HILIN MU CM2 '!$R103+'1. Base de donnée HILIN MU CM2 '!$S103)/2 -> 14
A104: Takalmaoua 1 | B104: Djiratawa | C104: Aicha Yahaya | D104: Yahaya | E104: 01/01/2012 à Takalmaoua | F104: Mme Amadou Aminatou | G104: 2023 | H104: 36 | I104: 79 | J104: ='1. Base de donnée HILIN MU CM2 '!$G104&"-"&'1. Base de donnée HILIN MU CM2 '!$H104&"-"&'1. Base de donnée HILIN MU CM2 '!$I104 -> 2023-36-79 | K104: =SUM(K103+1) -> 97 | L104: Passe au CM2 | O104: 2.5 | P104: 4.5 | Q104: =SUM('1. Base de donnée HILIN MU CM2 '!$O104+'1. Base de donnée HILIN MU CM2 '!$P104)/2 -> 3.5 | R104: 16 | S104: 13 | T104: =('1. Base de donnée HILIN MU CM2 '!$R104+'1. Base de donnée HILIN MU CM2 '!$S104)/2 -> 14.5
A105: Takalmaoua 1 | B105: Djiratawa | C105: Sourrayya Sahabi | D105: Sahabi Moussa | E105: 01/01/2012 à Takalmaoua | F105: Mme Amadou Aminatou | G105: 2023 | H105: 36 | I105: 80 | J105: ='1. Base de donnée HILIN MU CM2 '!$G105&"-"&'1. Base de donnée HILIN MU CM2 '!$H105&"-"&'1. Base de donnée HILIN MU CM2 '!$I105 -> 2023-36-80 | K105: =SUM(K104+1) -> 98 | L105: Passe au CM2 | O105: 4 | P105: 2 | Q105: =SUM('1. Base de donnée HILIN MU CM2 '!$O105+'1. Base de donnée HILIN MU CM2 '!$P105)/2 -> 3 | R105: 16 | S105: 14.5 | T105: =('1. Base de donnée HILIN MU CM2 '!$R105+'1. Base de donnée HILIN MU CM2 '!$S105)/2 -> 15.25
A106: Takalmaoua 1 | B106: Djiratawa | C106: Salamatou Tsayabou | D106: Tsayabou | E106: 01/01/2012 à Takalmaoua | F106: Mme Amadou Aminatou | G106: 2023 | H106: 36 | I106: 81 | J106: ='1. Base de donnée HILIN MU CM2 '!$G106&"-"&'1. Base de donnée HILIN MU CM2 '!$H106&"-"&'1. Base de donnée HILIN MU CM2 '!$I106 -> 2023-36-81 | K106: =SUM(K105+1) -> 99 | L106: Passe au CM2 | O106: 5.5 | P106: 6 | Q106: =SUM('1. Base de donnée HILIN MU CM2 '!$O106+'1. Base de donnée HILIN MU CM2 '!$P106)/2 -> 5.75 | R106: 16 | S106: 14 | T106: =('1. Base de donnée HILIN MU CM2 '!$R106+'1. Base de donnée HILIN MU CM2 '!$S106)/2 -> 15
... A206: Dan Gamji | B206: Sae Saboua | C206: Aicha Samaila | D206: Samaila | E206: 01/01/2012 à Dan Gamji | F206: Mme Moustapha Nana Barira | G206: 2023 | H206: 87 | I206: 202 | J206: ='1. Base de donnée HILIN MU CM2 '!$G206&"-"&'1. Base de donnée HILIN MU CM2 '!$H206&"-"&'1. Base de donnée HILIN MU CM2 '!$I206 -> 2023-87-202 | K206: =SUM(K205+1) -> 199 | L206: Passe au CM2 | O206: 12.5 | P206: 3.75 | Q206: =SUM('1. Base de donnée HILIN MU CM2 '!$O206+'1. Base de donnée HILIN MU CM2 '!$P206)/2 -> 8.125 | R206: 16 | S206: 19.75 | T206: =('1. Base de donnée HILIN MU CM2 '!$R206+'1. Base de donnée HILIN MU CM2 '!$S206)/2 -> 17.875
A207: Dan Gamji | B207: Sae Saboua | C207: Badia Nassirou | D207: Nassirou Salissou | E207: 01/01/2012 à Dan Gamji | F207: Mme Abdoulaye Fanata | G207: 2023 | H207: 87 | I207: 203 | J207: ='1. Base de donnée HILIN MU CM2 '!$G207&"-"&'1. Base de donnée HILIN MU CM2 '!$H207&"-"&'1. Base de donnée HILIN MU CM2 '!$I207 -> 2023-87-203 | K207: =SUM(K206+1) -> 200 | L207: Passe au CM2 | O207: 1.5 | P207: 0 | Q207: =SUM('1. Base de donnée HILIN MU CM2 '!$O207+'1. Base de donnée HILIN MU CM2 '!$P207)/2 -> 0.75 | R207: 16
A208: Dan Gamji | B208: Sae Saboua | C208: Bassira Kassoum | D208: Kasoum | E208: 01/01/2012 à Dan Gamji | F208: Mme Moustapha Nana Barira | G208: 2023 | H208: 87 | I208: 204 | J208: ='1. Base de donnée HILIN MU CM2 '!$G208&"-"&'1. Base de donnée HILIN MU CM2 '!$H208&"-"&'1. Base de donnée HILIN MU CM2 '!$I208 -> 2023-87-204 | K208: =SUM(K207+1) -> 201 | L208: Passe au CM2 | O208: 8 | P208: 5.25 | Q208: =SUM('1. Base de donnée HILIN MU CM2 '!$O208+'1. Base de donnée HILIN MU CM2 '!$P208)/2 -> 6.625 | R208: 16 | S208: 19.25 | T208: =('1. Base de donnée HILIN MU CM2 '!$R208+'1. Base de donnée HILIN MU CM2 '!$S208)/2 -> 17.625
A209: Dan Gamji | B209: Sae Saboua | C209: Bacharia Laouali H | D209: Laouali Hassan | E209: 01/01/2012 à Dan Gamji | F209: Mme Moustapha Nana Barira | G209: 2023 | H209: 87 | I209: 205 | J209: ='1. Base de donnée HILIN MU CM2 '!$G209&"-"&'1. Base de donnée HILIN MU CM2 '!$H209&"-"&'1. Base de donnée HILIN MU CM2 '!$I209 -> 2023-87-205 | K209: =SUM(K208+1) -> 202 | L209: Passe au CM2 | O209: 11.5 | P209: 3.25 | Q209: =SUM('1. Base de donnée HILIN MU CM2 '!$O209+'1. Base de donnée HILIN MU CM2 '!$P209)/2 -> 7.375 | R209: 16 | S209: 15.5 | T209: =('1. Base de donnée HILIN MU CM2 '!$R209+'1. Base de donnée HILIN MU CM2 '!$S209)/2 -> 15.75
A210: Dan Gamji | B210: Sae Saboua | C210: Choukouria Abdou | D210: Abdou | E210: 01/01/2012 à Dan Gamji | F210: Mme Saminou Nana Haouaou | G210: 2023 | H210: 87 | I210: 206 | J210: ='1. Base de donnée HILIN MU CM2 '!$G210&"-"&'1. Base de donnée HILIN MU CM2 '!$H210&"-"&'1. Base de donnée HILIN MU CM2 '!$I210 -> 2023-87-206 | K210: =SUM(K209+1) -> 203 | L210: Passe au CM2 | O210: 3 | P210: 0 | Q210: =SUM('1. Base de donnée HILIN MU CM2 '!$O210+'1. Base de donnée HILIN MU CM2 '!$P210)/2 -> 1.5 | R210: 16 | S210: 16.5 | T210: =('1. Base de donnée HILIN MU CM2 '!$R210+'1. Base de donnée HILIN MU CM2 '!$S210)/2 -> 16.25
A211: Dan Gamji | B211: Sae Saboua | C211: Charifa Illa | D211: Illa Saidou | E211: 01/01/2012 à Dan Gamji | F211: Mme Saminou Nana Haouaou | G211: 2023 | H211: 87 | I211: 207 | J211: ='1. Base de donnée HILIN MU CM2 '!$G211&"-"&'1. Base de donnée HILIN MU CM2 '!$H211&"-"&'1. Base de donnée HILIN MU CM2 '!$I211 -> 2023-87-207 | K211: =SUM(K210+1) -> 204 | L211: Passe au CM2 | O211: 2 | P211: 0.75 | Q211: =SUM('1. Base de donnée HILIN MU CM2 '!$O211+'1. Base de donnée HILIN MU CM2 '!$P211)/2 -> 1.375 | R211: 16 | S211: 11 | T211: =('1. Base de donnée HILIN MU CM2 '!$R211+'1. Base de donnée HILIN MU CM2 '!$S211)/2 -> 13.5
A212: Dan Gamji | B212: Sae Saboua | C212: Chaawa Illa | D212: Illa Issaka | E212: 01/01/2012 à Dan Gamji | F212: Mme Abdoulaye Fanata | G212: 2023 | H212: 87 | I212: 208 | J212: ='1. Base de donnée HILIN MU CM2 '!$G212&"-"&'1. Base de donnée HILIN MU CM2 '!$H212&"-"&'1. Base de donnée HILIN MU CM2 '!$I212 -> 2023-87-208 | K212: =SUM(K211+1) -> 205 | L212: Passe au CM2 | O212: 1 | P212: 2.25 | Q212: =SUM('1. Base de donnée HILIN MU CM2 '!$O212+'1. Base de donnée HILIN MU CM2 '!$P212)/2 -> 1.625 | R212: 16 | S212: 13 | T212: =('1. Base de donnée HILIN MU CM2 '!$R212+'1. Base de donnée HILIN MU CM2 '!$S212)/2 -> 14.5
A213: Dan Gamji | B213: Sae Saboua | C213: Chaawa Mamane Sani | D213: Maman Sani | E213: 01/01/2012 à Dan Gamji | F213: Mme Abdoulaye Fanata | G213: 2023 | H213: 87 | I213: 209 | J213: ='1. Base de donnée HILIN MU CM2 '!$G213&"-"&'1. Base de donnée HILIN MU CM2 '!$H213&"-"&'1. Base de donnée HILIN MU CM2 '!$I213 -> 2023-87-209 | K213: =SUM(K212+1) -> 206 | L213: Passe au CM2 | O213: 6.5 | P213: 3 | Q213: =SUM('1. Base de donnée HILIN MU CM2 '!$O213+'1. Base de donnée HILIN MU CM2 '!$P213)/2 -> 4.75 | R213: 16 | S213: 17.5 | T213: =('1. Base de donnée HILIN MU CM2 '!$R213+'1. Base de donnée HILIN MU CM2 '!$S213)/2 -> 16.75
A214: Dan Gamji | B214: Sae Saboua | C214: Farida Halilou | D214: Haliou Malan Sanoussi | E214: 01/01/2012 à Dan Gamji | F214: Mme Saminou Nana Haouaou | G214: 2023 | H214: 87 | I214: 210 | J214: ='1. Base de donnée HILIN MU CM2 '!$G214&"-"&'1. Base de donnée HILIN MU CM2 '!$H214&"-"&'1. Base de donnée HILIN MU CM2 '!$I214 -> 2023-87-210 | K214: =SUM(K213+1) -> 207 | L214: Passe au CM2 | O214: 9 | P214: 5.5 | Q214: =SUM('1. Base de donnée HILIN MU CM2 '!$O214+'1. Base de donnée HILIN MU CM2 '!$P214)/2 -> 7.25 | R214: 16 | S214: 18 | T214: =('1. Base de donnée HILIN MU CM2 '!$R214+'1. Base de donnée HILIN MU CM2 '!$S214)/2 -> 17
A215: Dan Gamji | B215: Sae Saboua | C215: Firdaoussi Haladou | D215: Haladou | E215: 01/01/2012 à Dan Gamji | F215: Mme Moustapha Nana Barira | G215: 2023 | H215: 87 | I215: 211 | J215: ='1. Base de donnée HILIN MU CM2 '!$G215&"-"&'1. Base de donnée HILIN MU CM2 '!$H215&"-"&'1. Base de donnée HILIN MU CM2 '!$I215 -> 2023-87-211 | K215: =SUM(K214+1) -> 208 | L215: Passe au CM2 | O215: 7.5 | P215: 1.5 | Q215: =SUM('1. Base de donnée HILIN MU CM2 '!$O215+'1. Base de donnée HILIN MU CM2 '!$P215)/2 -> 4.5 | R215: 16 | S215: 14 | T215: =('1. Base de donnée HILIN MU CM2 '!$R215+'1. Base de donnée HILIN MU CM2 '!$S215)/2 -> 15
A216: Dan Gamji | B216: Sae Saboua | C216: Fatimatou Maman Sani | D216: Maman Sani Garba | E216: 01/01/2012 à Dan Gamji | F216: Mme Saminou Nana Haouaou | G216: 2023 | H216: 87 | I216: 212 | J216: ='1. Base de donnée HILIN MU CM2 '!$G216&"-"&'1. Base de donnée HILIN MU CM2 '!$H216&"-"&'1. Base de donnée HILIN MU CM2 '!$I216 -> 2023-87-212 | K216: =SUM(K215+1) -> 209 | L216: Passe au CM2 | O216: 10.5 | P216: 2.25 | Q216: =SUM('1. Base de donnée HILIN MU CM2 '!$O216+'1. Base de donnée HILIN MU CM2 '!$P216)/2 -> 6.375 | R216: 16 | S216: 16.5 | T216: =('1. Base de donnée HILIN MU CM2 '!$R216+'1. Base de donnée HILIN MU CM2 '!$S216)/2 -> 16.25
A217: Dan Gamji | B217: Sae Saboua | C217: Faiza Zabeirou | D217: Zabeirou | E217: 01/01/2012 à Dan Gamji | F217: Mme Moustapha Nana Barira | G217: 2023 | H217: 87 | I217: 213 | J217: ='1. Base de donnée HILIN MU CM2 '!$G217&"-"&'1. Base de donnée HILIN MU CM2 '!$H217&"-"&'1. Base de donnée HILIN MU CM2 '!$I217 -> 2023-87-213 | K217: =SUM(K216+1) -> 210 | L217: Passe au CM2 | O217: 5 | P217: 6.5 | Q217: =SUM('1. Base de donnée HILIN MU CM2 '!$O217+'1. Base de donnée HILIN MU CM2 '!$P217)/2 -> 5.75 | R217: 16 | S217: 16.75 | T217: =('1. Base de donnée HILIN MU CM2 '!$R217+'1. Base de donnée HILIN MU CM2 '!$S217)/2 -> 16.375
A218: Dan Gamji | B218: Sae Saboua | C218: Fadimatou Sani | D218: Sani Yahaya | E218: 01/01/2012 à Dan Gamji | F218: Mme Moustapha Nana Barira | G218: 2023 | H218: 87 | I218: 214 | J218: ='1. Base de donnée HILIN MU CM2 '!$G218&"-"&'1. Base de donnée HILIN MU CM2 '!$H218&"-"&'1. Base de donnée HILIN MU CM2 '!$I218 -> 2023-87-214 | K218: =SUM(K217+1) -> 211 | L218: Passe au CM2 | O218: 8 | P218: 1.75 | Q218: =SUM('1. Base de donnée HILIN MU CM2 '!$O218+'1. Base de donnée HILIN MU CM2 '!$P218)/2 -> 4.875 | R218: 16 | S218: 14 | T218: =('1. Base de donnée HILIN MU CM2 '!$R218+'1. Base de donnée HILIN MU CM2 '!$S218)/2 -> 15
A219: Dan Gamji | B219: Sae Saboua | C219: Faouziya Bahari | D219: Bahari Maazou | E219: 01/01/2012 à Dan Gamji | F219: Mme Abdoulaye Fanata | G219: 2023 | H219: 87 | I219: 215 | J219: ='1. Base de donnée HILIN MU CM2 '!$G219&"-"&'1. Base de donnée HILIN MU CM2 '!$H219&"-"&'1. Base de donnée HILIN MU CM2 '!$I219 -> 2023-87-215 | K219: =SUM(K218+1) -> 212 | L219: Passe au CM2 | O219: 4 | P219: 1.25 | Q219: =SUM('1. Base de donnée HILIN MU CM2 '!$O219+'1. Base de donnée HILIN MU CM2 '!$P219)/2 -> 2.625 | R219: 16 | S219: 16.5 | T219: =('1. Base de donnée HILIN MU CM2 '!$R219+'1. Base de donnée HILIN MU CM2 '!$S219)/2 -> 16.25
... A261: Sabon Gari Kolta | B261: Djiratawa | C261: Mahafouza Nouhou | D261: Nouhou Garba | E261: 01/01/2012 à Sabon garin kolta | F261: Mme Yacouba Salamatou | G261: 2023 | H261: 44 | I261: 258 | J261: ='1. Base de donnée HILIN MU CM2 '!$G261&"-"&'1. Base de donnée HILIN MU CM2 '!$H261&"-"&'1. Base de donnée HILIN MU CM2 '!$I261 -> 2023-44-258 | K261: =SUM(K260+1) -> 254 | L261: Passe au CM2 | O261: 7 | P261: 0.5 | Q261: =SUM('1. Base de donnée HILIN MU CM2 '!$O261+'1. Base de donnée HILIN MU CM2 '!$P261)/2 -> 3.75 | R261: 16 | S261: 18.5 | T261: =('1. Base de donnée HILIN MU CM2 '!$R261+'1. Base de donnée HILIN MU CM2 '!$S261)/2 -> 17.25
A262: Sabon Gari Kolta | B262: Djiratawa | C262: Fourera Yaou (transferée | D262: Yaou Oumarou | E262: 01/01/2012 à Sabon garin kolta | F262: Mme Yacouba Salamatou | G262: 2023 | H262: 44 | I262: 259 | J262: ='1. Base de donnée HILIN MU CM2 '!$G262&"-"&'1. Base de donnée HILIN MU CM2 '!$H262&"-"&'1. Base de donnée HILIN MU CM2 '!$I262 -> 2023-44-259 | K262: =SUM(K261+1) -> 255 | L262: Passe au CM2 | O262: 3.5 | P262: 3.5 | Q262: =SUM('1. Base de donnée HILIN MU CM2 '!$O262+'1. Base de donnée HILIN MU CM2 '!$P262)/2 -> 3.5
A263: Sabon Gari Kolta | B263: Djiratawa | C263: Zeinab Tassiou | D263: Tassiou Saidou | E263: 01/01/2012 à Sabon garin kolta | F263: Mme Yacouba Salamatou | G263: 2023 | H263: 44 | I263: 260 | J263: ='1. Base de donnée HILIN MU CM2 '!$G263&"-"&'1. Base de donnée HILIN MU CM2 '!$H263&"-"&'1. Base de donnée HILIN MU CM2 '!$I263 -> 2023-44-260 | K263: =SUM(K262+1) -> 256 | L263: Passe au CM2 | O263: 0.25 | P263: 6 | Q263: =SUM('1. Base de donnée HILIN MU CM2 '!$O263+'1. Base de donnée HILIN MU CM2 '!$P263)/2 -> 3.125 | R263: 14 | S263: 19 | T263: =('1. Base de donnée HILIN MU CM2 '!$R263+'1. Base de donnée HILIN MU CM2 '!$S263)/2 -> 16.5
A264: Sabon Gari Kolta | B264: Djiratawa | C264: Halimatou Sani | D264: Sani Chaibou | E264: 01/01/2012 à Sabon garin kolta | F264: Mme Yacouba Salamatou | G264: 2023 | H264: 44 | I264: 261 | J264: ='1. Base de donnée HILIN MU CM2 '!$G264&"-"&'1. Base de donnée HILIN MU CM2 '!$H264&"-"&'1. Base de donnée HILIN MU CM2 '!$I264 -> 2023-44-261 | K264: =SUM(K263+1) -> 257 | L264: Passe au CM2 | O264: 2.5 | P264: 3.5 | Q264: =SUM('1. Base de donnée HILIN MU CM2 '!$O264+'1. Base de donnée HILIN MU CM2 '!$P264)/2 -> 3 | R264: 18 | S264: 16 | T264: =('1. Base de donnée HILIN MU CM2 '!$R264+'1. Base de donnée HILIN MU CM2 '!$S264)/2 -> 17
A265: Sabon Gari Kolta | B265: Djiratawa | C265: Aminatou Adamou | D265: Adamou Ibrahim | E265: 01/01/2012 à Sabon garin kolta | F265: Mme Moussa Fati Chaibou | G265: 2023 | H265: 44 | I265: 262 | J265: ='1. Base de donnée HILIN MU CM2 '!$G265&"-"&'1. Base de donnée HILIN MU CM2 '!$H265&"-"&'1. Base de donnée HILIN MU CM2 '!$I265 -> 2023-44-262 | K265: =SUM(K264+1) -> 258 | L265: Passe au CM2 | O265: 8 | P265: 0.5 | Q265: =SUM('1. Base de donnée HILIN MU CM2 '!$O265+'1. Base de donnée HILIN MU CM2 '!$P265)/2 -> 4.25 | R265: 14 | S265: 18 | T265: =('1. Base de donnée HILIN MU CM2 '!$R265+'1. Base de donnée HILIN MU CM2 '!$S265)/2 -> 16
A266: Sabon Gari Kolta | B266: Djiratawa | C266: Fatchima Saidou | D266: Saidou Issaka | E266: 09/08/2011 à sabon garin kolta | F266: Mme Moussa Fati Chaibou | G266: 2023 | H266: 44 | I266: 263 | J266: ='1. Base de donnée HILIN MU CM2 '!$G266&"-"&'1. Base de donnée HILIN MU CM2 '!$H266&"-"&'1. Base de donnée HILIN MU CM2 '!$I266 -> 2023-44-263 | K266: =SUM(K265+1) -> 259 | L266: Passe au CM2 | O266: 5 | P266: 3 | Q266: =SUM('1. Base de donnée HILIN MU CM2 '!$O266+'1. Base de donnée HILIN MU CM2 '!$P266)/2 -> 4 | R266: 17 | S266: 15 | T266: =('1. Base de donnée HILIN MU CM2 '!$R266+'1. Base de donnée HILIN MU CM2 '!$S266)/2 -> 16
A267: Sabon Gari Kolta | B267: Djiratawa | C267: Mariama Tassiou | D267: Tassiou Saidou | E267: 01/01/2012 à Sabon garin kolta | F267: Mme Moussa Fati Chaibou | G267: 2023 | H267: 44 | I267: 264 | J267: ='1. Base de donnée HILIN MU CM2 '!$G267&"-"&'1. Base de donnée HILIN MU CM2 '!$H267&"-"&'1. Base de donnée HILIN MU CM2 '!$I267 -> 2023-44-264 | K267: =SUM(K266+1) -> 260 | L267: Passe au CM2 | O267: 2 | P267: 4.25 | Q267: =SUM('1. Base de donnée HILIN MU CM2 '!$O267+'1. Base de donnée HILIN MU CM2 '!$P267)/2 -> 3.125 | R267: 17 | S267: 15 | T267: =('1. Base de donnée HILIN MU CM2 '!$R267+'1. Base de donnée HILIN MU CM2 '!$S267)/2 -> 16
A268: Sabon Gari Kolta | B268: Djiratawa | C268: Moufida Sabiou | D268: Sabiou Garba | E268: 27/07/2011 à sabon garin kolta | F268: Mme Yacouba Salamatou | G268: 2023 | H268: 44 | I268: 265 | J268: ='1. Base de donnée HILIN MU CM2 '!$G268&"-"&'1. Base de donnée HILIN MU CM2 '!$H268&"-"&'1. Base de donnée HILIN MU CM2 '!$I268 -> 2023-44-265 | K268: =SUM(K267+1) -> 261 | L268: Passe au CM2 | O268: 3 | P268: 4 | Q268: =SUM('1. Base de donnée HILIN MU CM2 '!$O268+'1. Base de donnée HILIN MU CM2 '!$P268)/2 -> 3.5 | R268: 16 | S268: 14.5 | T268: =('1. Base de donnée HILIN MU CM2 '!$R268+'1. Base de donnée HILIN MU CM2 '!$S268)/2 -> 15.25
A269: Sabon Gari Kolta | B269: Djiratawa | C269: Moubina Sabiou | D269: Sabiou Garba | E269: 27/07/2011 à sabon garin kolta | F269: Mme Moussa Fati Chaibou | G269: 2023 | H269: 44 | I269: 266 | J269: ='1. Base de donnée HILIN MU CM2 '!$G269&"-"&'1. Base de donnée HILIN MU CM2 '!$H269&"-"&'1. Base de donnée HILIN MU CM2 '!$I269 -> 2023-44-266 | K269: =SUM(K268+1) -> 262 | L269: Passe au CM2 | O269: 7 | P269: 5.5 | Q269: =SUM('1. Base de donnée HILIN MU CM2 '!$O269+'1. Base de donnée HILIN MU CM2 '!$P269)/2 -> 6.25 | R269: 16 | S269: 17 | T269: =('1. Base de donnée HILIN MU CM2 '!$R269+'1. Base de donnée HILIN MU CM2 '!$S269)/2 -> 16.5
A270: Sabon Gari Kolta | B270: Djiratawa | C270: Mariam Habibou | D270: Habibou Saidou | E270: 01/01/2012 à Sabon garin kolta | F270: Mme Moussa Fati Chaibou | G270: 2023 | H270: 44 | I270: 267 | J270: ='1. Base de donnée HILIN MU CM2 '!$G270&"-"&'1. Base de donnée HILIN MU CM2 '!$H270&"-"&'1. Base de donnée HILIN MU CM2 '!$I270 -> 2023-44-267 | K270: =SUM(K269+1) -> 263 | L270: Passe au CM2 | O270: 10.5 | P270: 2 | Q270: =SUM('1. Base de donnée HILIN MU CM2 '!$O270+'1. Base de donnée HILIN MU CM2 '!$P270)/2 -> 6.25 | R270: 18 | S270: 20 | T270: =('1. Base de donnée HILIN MU CM2 '!$R270+'1. Base de donnée HILIN MU CM2 '!$S270)/2 -> 19
A271: Sabon Gari Kolta | B271: Djiratawa | C271: Rissala Daouda | D271: Daouda Garba | E271: 01/01/2012 à Sabon garin kolta | F271: Mme Yacouba Salamatou | G271: 2023 | H271: 44 | I271: 268 | J271: ='1. Base de donnée HILIN MU CM2 '!$G271&"-"&'1. Base de donnée HILIN MU CM2 '!$H271&"-"&'1. Base de donnée HILIN MU CM2 '!$I271 -> 2023-44-268 | K271: =SUM(K270+1) -> 264 | L271: Passe au CM2 | O271: 3 | P271: 2.5 | Q271: =SUM('1. Base de donnée HILIN MU CM2 '!$O271+'1. Base de donnée HILIN MU CM2 '!$P271)/2 -> 2.75 | R271: 14 | S271: 18.5 | T271: =('1. Base de donnée HILIN MU CM2 '!$R271+'1. Base de donnée HILIN MU CM2 '!$S271)/2 -> 16.25
A272: Sabon Gari Kolta | B272: Djiratawa | C272: Habsatou Laouali | D272: Laouali Issa | E272: 01/01/2012 à Sabon garin kolta | F272: Mme Moussa Fati Chaibou | G272: 2023 | H272: 44 | I272: 269 | J272: ='1. Base de donnée HILIN MU CM2 '!$G272&"-"&'1. Base de donnée HILIN MU CM2 '!$H272&"-"&'1. Base de donnée HILIN MU CM2 '!$I272 -> 2023-44-269 | K272: =SUM(K271+1) -> 265 | L272: Passe au CM2 | O272: 7 | P272: 5 | Q272: =SUM('1. Base de donnée HILIN MU CM2 '!$O272+'1. Base de donnée HILIN MU CM2 '!$P272)/2 -> 6 | R272: 16 | S272: 18.5
A273: Sabon Gari Kolta | B273: Djiratawa | C273: Aicha Saidou | D273: Saidou Issaka | E273: 01/01/2012 à Sabon garin kolta | F273: Mme Moussa Fati Chaibou | G273: 2023 | H273: 44 | I273: 270 | J273: ='1. Base de donnée HILIN MU CM2 '!$G273&"-"&'1. Base de donnée HILIN MU CM2 '!$H273&"-"&'1. Base de donnée HILIN MU CM2 '!$I273 -> 2023-44-270 | K273: =SUM(K272+1) -> 266 | L273: Passe au CM2 | O273: 3 | P273: 2.5 | Q273: =SUM('1. Base de donnée HILIN MU CM2 '!$O273+'1. Base de donnée HILIN MU CM2 '!$P273)/2 -> 2.75 | R273: 12 | S273: 19 | T273: =('1. Base de donnée HILIN MU CM2 '!$R273+'1. Base de donnée HILIN MU CM2 '!$S273)/2 -> 15.5
A274: Sabon Gari Kolta | B274: Djiratawa | C274: Bacharia Sani | D274: Sani Moussa | E274: 01/01/2012 à Sabon garin kolta | F274: Mme Moussa Fati Chaibou | G274: 2023 | H274: 44 | I274: 271 | J274: ='1. Base de donnée HILIN MU CM2 '!$G274&"-"&'1. Base de donnée HILIN MU CM2 '!$H274&"-"&'1. Base de donnée HILIN MU CM2 '!$I274 -> 2023-44-271 | K274: =SUM(K273+1) -> 267 | L274: Passe au CM2 | O274: 8 | P274: 5 | Q274: =SUM('1. Base de donnée HILIN MU CM2 '!$O274+'1. Base de donnée HILIN MU CM2 '!$P274)/2 -> 6.5 | R274: 17 | S274: 20 | T274: =('1. Base de donnée HILIN MU CM2 '!$R274+'1. Base de donnée HILIN MU CM2 '!$S274)/2 -> 18.5
A275: Sabon Gari Kolta | B275: Djiratawa | C275: Zalika Adamou | D275: Adamou Nouhou | E275: 01/01/2012 à Sabon garin kolta | F275: Mme Yacouba Salamatou | G275: 2023 | H275: 44 | I275: 272 | J275: ='1. Base de donnée HILIN MU CM2 '!$G275&"-"&'1. Base de donnée HILIN MU CM2 '!$H275&"-"&'1. Base de donnée HILIN MU CM2 '!$I275 -> 2023-44-272 | K275: =SUM(K274+1) -> 268 | L275: Passe au CM2 | O275: 9 | P275: 6 | Q275: =SUM('1. Base de donnée HILIN MU CM2 '!$O275+'1. Base de donnée HILIN MU CM2 '!$P275)/2 -> 7.5 | R275: 17 | S275: 20 | T275: =('1. Base de donnée HILIN MU CM2 '!$R275+'1. Base de donnée HILIN MU CM2 '!$S275)/2 -> 18.5
A276: Sabon Gari Kolta | B276: Djiratawa | C276: Kadidja Mamane | D276: Mamane | E276: 01/01/2012 à Sabon garin kolta | F276: Mme Moussa Fati Chaibou | G276: 2023 | H276: 44 | I276: 273 | J276: ='1. Base de donnée HILIN MU CM2 '!$G276&"-"&'1. Base de donnée HILIN MU CM2 '!$H276&"-"&'1. Base de donnée HILIN MU CM2 '!$I276 -> 2023-44-273 | K276: =SUM(K275+1) -> 269 | L276: Passe au CM2 | O276: 2 | P276: 4 | Q276: =SUM('1. Base de donnée HILIN MU CM2 '!$O276+'1. Base de donnée HILIN MU CM2 '!$P276)/2 -> 3 | R276: 13 | S276: 18.5 | T276: =('1. Base de donnée HILIN MU CM2 '!$R276+'1. Base de donnée HILIN MU CM2 '!$S276)/2 -> 15.75
A277: Sabon Gari Kolta | B277: Djiratawa | C277: Alawiya Issaka | D277: Issaka Adamou | E277: 20/01/2012 à sabon garin kolta | F277: Mme Moussa Fati Chaibou | G277: 2023 | H277: 44 | I277: 274 | J277: ='1. Base de donnée HILIN MU CM2 '!$G277&"-"&'1. Base de donnée HILIN MU CM2 '!$H277&"-"&'1. Base de donnée HILIN MU CM2 '!$I277 -> 2023-44-274 | K277: =SUM(K276+1) -> 270 | L277: Passe au CM2 | O277: 10 | P277: 3 | Q277: =SUM('1. Base de donnée HILIN MU CM2 '!$O277+'1. Base de donnée HILIN MU CM2 '!$P277)/2 -> 6.5 | R277: 14 | S277: 20 | T277: =('1. Base de donnée HILIN MU CM2 '!$R277+'1. Base de donnée HILIN MU CM2 '!$S277)/2 -> 17
A278: Sabon Gari Kolta | B278: Djiratawa | C278: Taofika Laouali | D278: Laouali Issaka | E278: 09/10/2012 à sabon garin kolta | F278: Mme Yacouba Salamatou | G278: 2023 | H278: 44 | I278: 275 | J278: ='1. Base de donnée HILIN MU CM2 '!$G278&"-"&'1. Base de donnée HILIN MU CM2 '!$H278&"-"&'1. Base de donnée HILIN MU CM2 '!$I278 -> 2023-44-275 | K278: =SUM(K277+1) -> 271 | L278: Passe au CM2 | O278: 7 | P278: 5 | Q278: =SUM('1. Base de donnée HILIN MU CM2 '!$O278+'1. Base de donnée HILIN MU CM2 '!$P278)/2 -> 6 | R278: 18 | S278: 20 | T278: =('1. Base de donnée HILIN MU CM2 '!$R278+'1. Base de donnée HILIN MU CM2 '!$S278)/2 -> 19
A279: Sabon Gari Kolta | B279: Djiratawa | C279: Zeinab Ibrahim | D279: Ibrahim | E279: Vers 2012 à Sabon garin Kolta | F279: Mme Yacouba Salamatou | G279: 2023 | H279: 44 | I279: 910 | J279: ='1. Base de donnée HILIN MU CM2 '!$G279&"-"&'1. Base de donnée HILIN MU CM2 '!$H279&"-"&'1. Base de donnée HILIN MU CM2 '!$I279 -> 2023-44-910 | K279: =SUM(K278+1) -> 272 | L279: Passe au CM2 | O279: 2 | P279: 0.5 | Q279: =SUM('1. Base de donnée HILIN MU CM2 '!$O279+'1. Base de donnée HILIN MU CM2 '!$P279)/2 -> 1.25 | R279: 16 | S279: 18.5 | T279: =('1. Base de donnée HILIN MU CM2 '!$R279+'1. Base de donnée HILIN MU CM2 '!$S279)/2 -> 17.25
A280: Sabon Gari Kolta | B280: Djiratawa | C280: Ramatou Ousmane | D280: Ousmane | E280: Vers 2012 à Sabon garin Kolta | F280: Mme Moussa Fati Chaibou | G280: 2023 | H280: 44 | I280: 916 | J280: ='1. Base de donnée HILIN MU CM2 '!$G280&"-"&'1. Base de donnée HILIN MU CM2 '!$H280&"-"&'1. Base de donnée HILIN MU CM2 '!$I280 -> 2023-44-916 | K280: =SUM(K279+1) -> 273 | L280: Passe au CM2 | O280: 3 | P280: 1 | Q280: =SUM('1. Base de donnée HILIN MU CM2 '!$O280+'1. Base de donnée HILIN MU CM2 '!$P280)/2 -> 2 | R280: 15 | S280: 18 | T280: =('1. Base de donnée HILIN MU CM2 '!$R280+'1. Base de donnée HILIN MU CM2 '!$S280)/2 -> 16.5
A281: Sabon Gari Kolta | B281: Djiratawa | C281: Fatouma Hassan | D281: Hassan | E281: Vers 2012 à Sabon garin Kolta | F281: Mme Yacouba Salamatou | G281: 2023 | H281: 44 | I281: 917 | J281: ='1. Base de donnée HILIN MU CM2 '!$G281&"-"&'1. Base de donnée HILIN MU CM2 '!$H281&"-"&'1. Base de donnée HILIN MU CM2 '!$I281 -> 2023-44-917 | K281: =SUM(K280+1) -> 274 | L281: Passe au CM2 | O281: 6.5 | P281: 3 | Q281: =SUM('1. Base de donnée HILIN MU CM2 '!$O281+'1. Base de donnée HILIN MU CM2 '!$P281)/2 -> 4.75 | R281: 20 | S281: 17 | T281: =('1. Base de donnée HILIN MU CM2 '!$R281+'1. Base de donnée HILIN MU CM2 '!$S281)/2 -> 18.5
A282: Sabon Gari Kolta | B282: Djiratawa | C282: Nana Firdaoussi Adamou | D282: Adamou | E282: Vers 2012 à Sabon garin Kolta | G282: 2023 | H282: 44 | I282: 918 | J282: ='1. Base de donnée HILIN MU CM2 '!$G282&"-"&'1. Base de donnée HILIN MU CM2 '!$H282&"-"&'1. Base de donnée HILIN MU CM2 '!$I282 -> 2023-44-918 | K282: =SUM(K281+1) -> 275 | L282: Passe au CM2 | M282: Transférée | N282: La fille a été transférée dans une autre école | Q282: =SUM('1. Base de donnée HILIN MU CM2 '!$O282+'1. Base de donnée HILIN MU CM2 '!$P282)/2 -> 0
A283: Sabon Gari Kolta | B283: Djiratawa | C283: Chappa'atou Garba | D283: Garba | E283: Vers 2012 à Sabon garin Kolta | F283: Mme Moussa Fati Chaibou | G283: 2023 | H283: 44 | I283: 919 | J283: ='1. Base de donnée HILIN MU CM2 '!$G283&"-"&'1. Base de donnée HILIN MU CM2 '!$H283&"-"&'1. Base de donnée HILIN MU CM2 '!$I283 -> 2023-44-919 | K283: =SUM(K282+1) -> 276 | L283: Passe au CM2 | O283: 5.5 | P283: 4 | Q283: =SUM('1. Base de donnée HILIN MU CM2 '!$O283+'1. Base de donnée HILIN MU CM2 '!$P283)/2 -> 4.75 | R283: 18 | S283: 14 | T283: =('1. Base de donnée HILIN MU CM2 '!$R283+'1. Base de donnée HILIN MU CM2 '!$S283)/2 -> 16
A284: Kountarou Mai Rairai | B284: Sae Saboua | C284: Habsatou Garba | D284: Garba Abdou | E284: 01/01/2011 à Kountarou | F284: Mme Laouali Rabi Laouali | G284: 2023 | H284: 85 | I284: 276 | J284: ='1. Base de donnée HILIN MU CM2 '!$G284&"-"&'1. Base de donnée HILIN MU CM2 '!$H284&"-"&'1. Base de donnée HILIN MU CM2 '!$I284 -> 2023-85-276 | K284: =SUM(K283+1) -> 277 | L284: Passe au CM2 | O284: 10 | P284: 8.75 | Q284: =SUM('1. Base de donnée HILIN MU CM2 '!$O284+'1. Base de donnée HILIN MU CM2 '!$P284)/2 -> 9.375 | R284: 14 | S284: 16.5 | T284: =('1. Base de donnée HILIN MU CM2 '!$R284+'1. Base de donnée HILIN MU CM2 '!$S284)/2 -> 15.25
A285: Kountarou Mai Rairai | B285: Sae Saboua | C285: Chakouriya Yazid | D285: Yazid Idrissa | E285: 01/01/2011 à Kountarou | F285: Mme Laouali Rabi Laouali | G285: 2023 | H285: 85 | I285: 277 | J285: ='1. Base de donnée HILIN MU CM2 '!$G285&"-"&'1. Base de donnée HILIN MU CM2 '!$H285&"-"&'1. Base de donnée HILIN MU CM2 '!$I285 -> 2023-85-277 | K285: =SUM(K284+1) -> 278 | L285: Passe au CM2 | O285: 4 | P285: 2 | Q285: =SUM('1. Base de donnée HILIN MU CM2 '!$O285+'1. Base de donnée HILIN MU CM2 '!$P285)/2 -> 3 | R285: 11.5 | S285: 14 | T285: =('1. Base de donnée HILIN MU CM2 '!$R285+'1. Base de donnée HILIN MU CM2 '!$S285)/2 -> 12.75
A286: Kountarou Mai Rairai | B286: Sae Saboua | C286: Zeinab Mamane | D286: Mamana Ali | E286: 01/01/2011 à Kountarou | F286: Mme Laouali Rabi Laouali | G286: 2023 | H286: 85 | I286: 278 | J286: ='1. Base de donnée HILIN MU CM2 '!$G286&"-"&'1. Base de donnée HILIN MU CM2 '!$H286&"-"&'1. Base de donnée HILIN MU CM2 '!$I286 -> 2023-85-278 | K286: =SUM(K285+1) -> 279 | L286: Passe au CM2 | O286: 8 | P286: 7 | Q286: =SUM('1. Base de donnée HILIN MU CM2 '!$O286+'1. Base de donnée HILIN MU CM2 '!$P286)/2 -> 7.5 | R286: 14.5 | S286: 13.5 | T286: =('1. Base de donnée HILIN MU CM2 '!$R286+'1. Base de donnée HILIN MU CM2 '!$S286)/2 -> 14
A287: Kountarou Mai Rairai | B287: Sae Saboua | C287: Mourdja Issaka | D287: Issaka Sani | E287: 01/01/2011 à Kountarou | F287: Mme Laouali Rabi Laouali | G287: 2023 | H287: 85 | I287: 279 | J287: ='1. Base de donnée HILIN MU CM2 '!$G287&"-"&'1. Base de donnée HILIN MU CM2 '!$H287&"-"&'1. Base de donnée HILIN MU CM2 '!$I287 -> 2023-85-279 | K287: =SUM(K286+1) -> 280 | L287: Passe au CM2 | O287: 5 | P287: 7.75 | Q287: =SUM('1. Base de donnée HILIN MU CM2 '!$O287+'1. Base de donnée HILIN MU CM2 '!$P287)/2 -> 6.375 | R287: 11 | S287: 14.5 | T287: =('1. Base de donnée HILIN MU CM2 '!$R287+'1. Base de donnée HILIN MU CM2 '!$S287)/2 -> 12.75
A288: Kountarou Mai Rairai | B288: Sae Saboua | C288: Aissara Laouali | D288: Laouali Mamane | E288: 01/01/2011 à Kountarou | F288: Mme Laouali Rabi Laouali | G288: 2023 | H288: 85 | I288: 280 | J288: ='1. Base de donnée HILIN MU CM2 '!$G288&"-"&'1. Base de donnée HILIN MU CM2 '!$H288&"-"&'1. Base de donnée HILIN MU CM2 '!$I288 -> 2023-85-280 | K288: =SUM(K287+1) -> 281 | L288: Passe au CM2 | O288: 4.5 | P288: 3.25 | Q288: =SUM('1. Base de donnée HILIN MU CM2 '!$O288+'1. Base de donnée HILIN MU CM2 '!$P288)/2 -> 3.875 | R288: 10 | S288: 15 | T288: =('1. Base de donnée HILIN MU CM2 '!$R288+'1. Base de donnée HILIN MU CM2 '!$S288)/2 -> 12.5
A289: Kountarou Mai Rairai | B289: Sae Saboua | C289: Amira Aboubacar | D289: Aboubacar Mahamane | E289: 01/01/2011 à Kountarou | F289: Mme Laouali Rabi Laouali | G289: 2023 | H289: 85 | I289: 281 | J289: ='1. Base de donnée HILIN MU CM2 '!$G289&"-"&'1. Base de donnée HILIN MU CM2 '!$H289&"-"&'1. Base de donnée HILIN MU CM2 '!$I289 -> 2023-85-281 | K289: =SUM(K288+1) -> 282 | L289: Passe au CM2 | O289: 3 | P289: 2 | Q289: =SUM('1. Base de donnée HILIN MU CM2 '!$O289+'1. Base de donnée HILIN MU CM2 '!$P289)/2 -> 2.5 | R289: 14.5 | S289: 15.5 | T289: =('1. Base de donnée HILIN MU CM2 '!$R289+'1. Base de donnée HILIN MU CM2 '!$S289)/2 -> 15
A290: Kountarou Mai Rairai | B290: Sae Saboua | C290: Yasmina Mountari | D290: Mountari Harouna | E290: 01/01/2011 à Kountarou | F290: Mme Laouali Rabi Laouali | G290: 2023 | H290: 85 | I290: 282 | J290: ='1. Base de donnée HILIN MU CM2 '!$G290&"-"&'1. Base de donnée HILIN MU CM2 '!$H290&"-"&'1. Base de donnée HILIN MU CM2 '!$I290 -> 2023-85-282 | K290: =SUM(K289+1) -> 283 | L290: Passe au CM2 | O290: 7.5 | P290: 7 | Q290: =SUM('1. Base de donnée HILIN MU CM2 '!$O290+'1. Base de donnée HILIN MU CM2 '!$P290)/2 -> 7.25 | R290: 14 | S290: 17.5 | T290: =('1. Base de donnée HILIN MU CM2 '!$R290+'1. Base de donnée HILIN MU CM2 '!$S290)/2 -> 15.75
A291: Kountarou Mai Rairai | B291: Sae Saboua | C291: Zaharaou Abdou | D291: Abdou Idi | E291: 01/01/2011 à Kountarou | F291: Mme Laouali Rabi Laouali | G291: 2023 | H291: 85 | I291: 283 | J291: ='1. Base de donnée HILIN MU CM2 '!$G291&"-"&'1. Base de donnée HILIN MU CM2 '!$H291&"-"&'1. Base de donnée HILIN MU CM2 '!$I291 -> 2023-85-283 | K291: =SUM(K290+1) -> 284 | L291: Passe au CM2 | O291: 5 | P291: 6.25 | Q291: =SUM('1. Base de donnée HILIN MU CM2 '!$O291+'1. Base de donnée HILIN MU CM2 '!$P291)/2 -> 5.625 | R291: 12 | S291: 14.5 | T291: =('1. Base de donnée HILIN MU CM2 '!$R291+'1. Base de donnée HILIN MU CM2 '!$S291)/2 -> 13.25
A292: Kountarou Mai Rairai | B292: Sae Saboua | C292: Mariama Garba | D292: Garba Abdou | E292: 01/01/2011 à Kountarou | F292: Mme Laouali Rabi Laouali | G292: 2023 | H292: 85 | I292: 284 | J292: ='1. Base de donnée HILIN MU CM2 '!$G292&"-"&'1. Base de donnée HILIN MU CM2 '!$H292&"-"&'1. Base de donnée HILIN MU CM2 '!$I292 -> 2023-85-284 | K292: =SUM(K291+1) -> 285 | L292: Passe au CM2 | O292: 1.5 | P292: 4 | Q292: =SUM('1. Base de donnée HILIN MU CM2 '!$O292+'1. Base de donnée HILIN MU CM2 '!$P292)/2 -> 2.75 | R292: 12 | S292: 8.5 | T292: =('1. Base de donnée HILIN MU CM2 '!$R292+'1. Base de donnée HILIN MU CM2 '!$S292)/2 -> 10.25
A293: Kountarou Mai Rairai | B293: Sae Saboua | C293: Saida Garba | D293: Garba Abdou | E293: 01/01/2011 à Kountarou | F293: Mme Laouali Rabi Laouali | G293: 2023 | H293: 85 | I293: 285 | J293: ='1. Base de donnée HILIN MU CM2 '!$G293&"-"&'1. Base de donnée HILIN MU CM2 '!$H293&"-"&'1. Base de donnée HILIN MU CM2 '!$I293 -> 2023-85-285 | K293: =SUM(K292+1) -> 286 | L293: Passe au CM2 | O293: 3 | P293: 6.25 | Q293: =SUM('1. Base de donnée HILIN MU CM2 '!$O293+'1. Base de donnée HILIN MU CM2 '!$P293)/2 -> 4.625 | R293: 16.5 | S293: 14 | T293: =('1. Base de donnée HILIN MU CM2 '!$R293+'1. Base de donnée HILIN MU CM2 '!$S293)/2 -> 15.25
A294: Kountarou Mai Rairai | B294: Sae Saboua | C294: Souweiba Boukari | D294: Boukari Abdou | E294: 01/01/2011 à Kountarou | F294: Mme Laouali Rabi Laouali | G294: 2023 | H294: 85 | I294: 286 | J294: ='1. Base de donnée HILIN MU CM2 '!$G294&"-"&'1. Base de donnée HILIN MU CM2 '!$H294&"-"&'1. Base de donnée HILIN MU CM2 '!$I294 -> 2023-85-286 | K294: =SUM(K293+1) -> 287 | L294: Passe au CM2 | O294: 12.5 | P294: 8.25 | Q294: =SUM('1. Base de donnée HILIN MU CM2 '!$O294+'1. Base de donnée HILIN MU CM2 '!$P294)/2 -> 10.375 | R294: 16.5 | S294: 14.5 | T294: =('1. Base de donnée HILIN MU CM2 '!$R294+'1. Base de donnée HILIN MU CM2 '!$S294)/2 -> 15.5
... A313: Kadigaoua | B313: Sae Saboua | C313: Ousseina Saidou | D313: Saidou Aboubacar | E313: 01/01/2009 à kadigaoua | F313: Mme Rabiou Sakina | G313: 2023 | H313: 88 | I313: 305 | J313: ='1. Base de donnée HILIN MU CM2 '!$G313&"-"&'1. Base de donnée HILIN MU CM2 '!$H313&"-"&'1. Base de donnée HILIN MU CM2 '!$I313 -> 2023-88-305 | K313: =SUM(K312+1) -> 306 | L313: Passe au CM2 | O313: 4.5 | P313: 7.75 | Q313: =SUM('1. Base de donnée HILIN MU CM2 '!$O313+'1. Base de donnée HILIN MU CM2 '!$P313)/2 -> 6.125 | R313: 14.75 | S313: 13 | T313: =('1. Base de donnée HILIN MU CM2 '!$R313+'1. Base de donnée HILIN MU CM2 '!$S313)/2 -> 13.875
A314: Kadigaoua | B314: Sae Saboua | C314: Nadia djamilou | D314: Djamilou salaou | E314: 01/01/2009 à kadigaoua | F314: Mme Rabiou Sakina | G314: 2023 | H314: 88 | I314: 306 | J314: ='1. Base de donnée HILIN MU CM2 '!$G314&"-"&'1. Base de donnée HILIN MU CM2 '!$H314&"-"&'1. Base de donnée HILIN MU CM2 '!$I314 -> 2023-88-306 | K314: =SUM(K313+1) -> 307 | L314: Passe au CM2 | O314: 8.5 | P314: 7.5 | Q314: =SUM('1. Base de donnée HILIN MU CM2 '!$O314+'1. Base de donnée HILIN MU CM2 '!$P314)/2 -> 8
A315: Kadigaoua | B315: Sae Saboua | C315: Aicha Djadi | D315: Djadi Souley | E315: 01/01/2010 à kadigaoua | F315: Mme Rabiou Sakina | G315: 2023 | H315: 88 | I315: 307 | J315: ='1. Base de donnée HILIN MU CM2 '!$G315&"-"&'1. Base de donnée HILIN MU CM2 '!$H315&"-"&'1. Base de donnée HILIN MU CM2 '!$I315 -> 2023-88-307 | K315: =SUM(K314+1) -> 308 | L315: Passe au CM2 | O315: 10 | P315: 10.5 | Q315: =SUM('1. Base de donnée HILIN MU CM2 '!$O315+'1. Base de donnée HILIN MU CM2 '!$P315)/2 -> 10.25 | R315: 18.5 | S315: 18.5 | T315: =('1. Base de donnée HILIN MU CM2 '!$R315+'1. Base de donnée HILIN MU CM2 '!$S315)/2 -> 18.5
A316: Kadigaoua | B316: Sae Saboua | C316: Charifa Almou | D316: Almou Hamza | E316: 01/01/ 2011 à kadigaoua | F316: Mme Rabiou Sakina | G316: 2023 | H316: 88 | I316: 308 | J316: ='1. Base de donnée HILIN MU CM2 '!$G316&"-"&'1. Base de donnée HILIN MU CM2 '!$H316&"-"&'1. Base de donnée HILIN MU CM2 '!$I316 -> 2023-88-308 | K316: =SUM(K315+1) -> 309 | L316: Passe au CM2 | O316: 9.5 | P316: 4.25 | Q316: =SUM('1. Base de donnée HILIN MU CM2 '!$O316+'1. Base de donnée HILIN MU CM2 '!$P316)/2 -> 6.875 | R316: 17.75 | S316: 14 | T316: =('1. Base de donnée HILIN MU CM2 '!$R316+'1. Base de donnée HILIN MU CM2 '!$S316)/2 -> 15.875
...
