Workbook

Sheet Groupe Intervention 
A1: Base de donnée du programme Hilin Mu
A2: Niveau :CM2
A3: Année :2022-2023
K4: Pré-Test | N4: Post-Test
A5: Ecole | B5: Nom et Prénom | C5: Date et lieu de naissance | D5: Nom et prénom du père | E5: Nom de la commune | F5: Nombre des filles | G5: Annee d'inscription au programme | H5: Code des écoles | I5: Numero HM de la fille | J5: Identifiant Unique | K5: Français /20 | L5: Mathématique/20 | M5: Moyenne Génerale /20 | N5: Français 20 | O5: Mathématique /2O | P5: Moyenne Génerale /20 | Q5: 1ère composition/10 | R5: 2è composition/10 | S5: 3è composition/10 | T5: Moyenne générale | U5: Commentaire | V5: Situation (fin d'annee scolaire 2022-2023)
A6: Louloubi | B6: Azima Alassan | C6: 30/12/2009 à Louloubi | D6: Alassan Ibrahim | E6: Sae Saboua | F6: 1 | G6: 2022 | H6: 1 | I6: 1 | J6: =[1]!Tableau2[[#This Row],[Annee d''inscription au programme]]&"-"&[1]!Tableau2[[#This Row],[Code d''ecole]]&"-"&[1]!Tableau2[[#This Row],[Numero HM de la fille]] -> #ERROR! | K6: 2.5 | L6: 3.5 | M6: =SUM(K6+L6)/2 -> 3 | N6: 11.5 | O6: 16 | P6: =SUM(N6+O6)/2 -> 13.75
A7: Louloubi | B7: Azima Idi | C7: 31/12/2010 à Louloubi | D7: Idi Daouda | E7: Sae Saboua | F7: 2 | G7: 2022 | H7: 1 | I7: 2 | J7: =[1]!Tableau2[[#This Row],[Annee d''inscription au programme]]&"-"&[1]!Tableau2[[#This Row],[Code d''ecole]]&"-"&[1]!Tableau2[[#This Row],[Numero HM de la fille]] -> #ERROR! | K7: 7 | L7: 4.5 | M7: =SUM(K7+L7)/2 -> 5.75 | N7: 14.5 | O7: 12.5 | P7: =SUM(N7+O7)/2 -> 13.5
A8: Louloubi | B8: Aicha Salissou | C8: 31/12/2010 0 Louloubi | D8: Salissou Soulé | E8: Sae Saboua | F8: 3 | G8: 2022 | H8: 1 | I8: 3 | J8: =[1]!Tableau2[[#This Row],[Annee d''inscription au programme]]&"-"&[1]!Tableau2[[#This Row],[Code d''ecole]]&"-"&[1]!Tableau2[[#This Row],[Numero HM de la fille]] -> #ERROR! | K8: 7.5 | L8: 7 | M8: =SUM(K8+L8)/2 -> 7.25 | N8: 16 | O8: 12.5 | P8: =SUM(N8+O8)/2 -> 14.25
A9: Louloubi | B9: Barira Moussa | C9: 01/01/2010 à Louloubi | D9: Moussa Labo | E9: Sae Saboua | F9: 4 | G9: 2022 | H9: 1 | I9: 4 | J9: =[1]!Tableau2[[#This Row],[Annee d''inscription au programme]]&"-"&[1]!Tableau2[[#This Row],[Code d''ecole]]&"-"&[1]!Tableau2[[#This Row],[Numero HM de la fille]] -> #ERROR! | K9: 12 | L9: 5.5 | M9: =SUM(K9+L9)/2 -> 8.75 | N9: 15.75 | O9: 16 | P9: =SUM(N9+O9)/2 -> 15.875
A10: Louloubi | B10: Bassira Haladou | C10: 16/02/2009 à Louloubi | D10: Haladou Ousmane | E10: Sae Saboua | F10: 5 | G10: 2022 | H10: 1 | I10: 5 | J10: =[1]!Tableau2[[#This Row],[Annee d''inscription au programme]]&"-"&[1]!Tableau2[[#This Row],[Code d''ecole]]&"-"&[1]!Tableau2[[#This Row],[Numero HM de la fille]] -> #ERROR! | K10: 8.5 | L10: 5 | M10: =SUM(K10+L10)/2 -> 6.75 | N10: 18.5 | O10: 10 | P10: =SUM(N10+O10)/2 -> 14.25
A11: Louloubi | B11: Ramatou Yahaya | C11: 20/12/2009 à Louloubi | D11: Yahaya Abdou | E11: Sae Saboua | F11: 6 | G11: 2022 | H11: 1 | I11: 6 | J11: =[1]!Tableau2[[#This Row],[Annee d''inscription au programme]]&"-"&[1]!Tableau2[[#This Row],[Code d''ecole]]&"-"&[1]!Tableau2[[#This Row],[Numero HM de la fille]] -> #ERROR! | K11: 5 | L11: 4 | M11: =SUM(K11+L11)/2 -> 4.5 | N11: 15.5 | O11: 14 | P11: =SUM(N11+O11)/2 -> 14.75
A12: Louloubi | B12: Roumanatou Chaibou | C12: 14/10/2009 à Louloubi | D12: Chaibou Salissou | E12: Sae Saboua | F12: 7 | G12: 2022 | H12: 1 | I12: 7 | J12: =[1]!Tableau2[[#This Row],[Annee d''inscription au programme]]&"-"&[1]!Tableau2[[#This Row],[Code d''ecole]]&"-"&[1]!Tableau2[[#This Row],[Numero HM de la fille]] -> #ERROR! | K12: 6 | L12: 5 | M12: =SUM(K12+L12)/2 -> 5.5 | N12: 18 | O12: 15 | P12: =SUM(N12+O12)/2 -> 16.5
A13: Louloubi | B13: Nassaiba Yacoubou | C13: 31/12/2009 à Louloubi | D13: Yacoubou Ousmane | E13: Sae Saboua | F13: 8 | G13: 2022 | H13: 1 | I13: 8 | J13: =[1]!Tableau2[[#This Row],[Annee d''inscription au programme]]&"-"&[1]!Tableau2[[#This Row],[Code d''ecole]]&"-"&[1]!Tableau2[[#This Row],[Numero HM de la fille]] -> #ERROR! | K13: 8 | L13: 6 | M13: =SUM(K13+L13)/2 -> 7 | N13: 13 | O13: 15.5 | P13: =SUM(N13+O13)/2 -> 14.25
A14: Louloubi | B14: Napissa Oumarou | C14: 31/12/2009 à Louloubi | D14: Oumarou Yacouba | E14: Sae Saboua | F14: 9 | G14: 2022 | H14: 1 | I14: 9 | J14: =[1]!Tableau2[[#This Row],[Annee d''inscription au programme]]&"-"&[1]!Tableau2[[#This Row],[Code d''ecole]]&"-"&[1]!Tableau2[[#This Row],[Numero HM de la fille]] -> #ERROR! | M14: =SUM(K14+L14)/2 -> 0 | N14: 9 | O14: 16.5 | P14: =SUM(N14+O14)/2 -> 12.75
A15: Louloubi | B15: Marliya Iliassou | C15: 31/12/2010 Louloubi | D15: Iliassou | E15: Sae Saboua | F15: 10 | G15: 2022 | H15: 1 | I15: 10 | J15: =[1]!Tableau2[[#This Row],[Annee d''inscription au programme]]&"-"&[1]!Tableau2[[#This Row],[Code d''ecole]]&"-"&[1]!Tableau2[[#This Row],[Numero HM de la fille]] -> #ERROR! | K15: 8 | L15: 3 | M15: =SUM(K15+L15)/2 -> 5.5 | N15: 14 | O15: 16 | P15: =SUM(N15+O15)/2 -> 15
A16: Louloubi | B16: Mansoura Moussa | C16: 15/12/2011 à Louloubi | D16: Moussa Oumarou | E16: Sae Saboua | F16: 11 | G16: 2022 | H16: 1 | I16: 11 | J16: =[1]!Tableau2[[#This Row],[Annee d''inscription au programme]]&"-"&[1]!Tableau2[[#This Row],[Code d''ecole]]&"-"&[1]!Tableau2[[#This Row],[Numero HM de la fille]] -> #ERROR! | K16: 9.5 | L16: 4.5 | M16: =SUM(K16+L16)/2 -> 7 | N16: 15.5 | O16: 15 | P16: =SUM(N16+O16)/2 -> 15.25
A17: Louloubi | B17: Liyanatou Oumarou | C17: 17/10/2009 à Louloubi | D17: Moumarou Harouna | E17: Sae Saboua | F17: 12 | G17: 2022 | H17: 1 | I17: 12 | J17: =[1]!Tableau2[[#This Row],[Annee d''inscription au programme]]&"-"&[1]!Tableau2[[#This Row],[Code d''ecole]]&"-"&[1]!Tableau2[[#This Row],[Numero HM de la fille]] -> #ERROR! | K17: 9 | L17: 7 | M17: =SUM(K17+L17)/2 -> 8 | N17: 18 | O17: 18.5 | P17: =SUM(N17+O17)/2 -> 18.25
A18: Louloubi | B18: Lantana Laouali | C18: 20/10/2009 à Louloubi | D18: Laouali Djadi | E18: Sae Saboua | F18: 13 | G18: 2022 | H18: 1 | I18: 13 | J18: =[1]!Tableau2[[#This Row],[Annee d''inscription au programme]]&"-"&[1]!Tableau2[[#This Row],[Code d''ecole]]&"-"&[1]!Tableau2[[#This Row],[Numero HM de la fille]] -> #ERROR! | K18: 7 | L18: 5.5 | M18: =SUM(K18+L18)/2 -> 6.25 | N18: 14.5 | O18: 13.5 | P18: =SUM(N18+O18)/2 -> 14
A19: Louloubi | B19: Habiba Aliou | C19: 05/10/2010 Louloubi | D19: Aliou Yahaya | E19: Sae Saboua | F19: 14 | G19: 2022 | H19: 1 | I19: 14 | J19: =[1]!Tableau2[[#This Row],[Annee d''inscription au programme]]&"-"&[1]!Tableau2[[#This Row],[Code d''ecole]]&"-"&[1]!Tableau2[[#This Row],[Numero HM de la fille]] -> #ERROR! | K19: 1 | L19: 2.5 | M19: =SUM(K19+L19)/2 -> 1.75 | N19: 10.25 | O19: 12.5 | P19: =SUM(N19+O19)/2 -> 11.375
A20: Louloubi | B20: Habsatou Oumarou | C20: 03/10/2010 Louloubi | D20: Oumarou Issoufou | E20: Sae Saboua | F20: 15 | G20: 2022 | H20: 1 | I20: 15 | J20: =[1]!Tableau2[[#This Row],[Annee d''inscription au programme]]&"-"&[1]!Tableau2[[#This Row],[Code d''ecole]]&"-"&[1]!Tableau2[[#This Row],[Numero HM de la fille]] -> #ERROR! | K20: 6 | L20: 5 | M20: =SUM(K20+L20)/2 -> 5.5 | N20: 15 | O20: 14.25 | P20: =SUM(N20+O20)/2 -> 14.625
A21: Louloubi | B21: Fatima Ibrahim | C21: 31/12/2010 à Louloubi | D21: Ibrahim Adamou | E21: Sae Saboua | F21: 16 | G21: 2022 | H21: 1 | I21: 16 | J21: =[1]!Tableau2[[#This Row],[Annee d''inscription au programme]]&"-"&[1]!Tableau2[[#This Row],[Code d''ecole]]&"-"&[1]!Tableau2[[#This Row],[Numero HM de la fille]] -> #ERROR! | K21: 9 | L21: 5 | M21: =SUM(K21+L21)/2 -> 7 | N21: 15 | O21: 14.25 | P21: =SUM(N21+O21)/2 -> 14.625
A22: Louloubi | B22: Farida Saàdou | C22: 30/12/2009 à Louloubi | D22: Saàdou Bala | E22: Sae Saboua | F22: 17 | G22: 2022 | H22: 1 | I22: 17 | J22: =[1]!Tableau2[[#This Row],[Annee d''inscription au programme]]&"-"&[1]!Tableau2[[#This Row],[Code d''ecole]]&"-"&[1]!Tableau2[[#This Row],[Numero HM de la fille]] -> #ERROR! | K22: 5 | L22: 4 | M22: =SUM(K22+L22)/2 -> 4.5 | N22: 10 | O22: 15.75 | P22: =SUM(N22+O22)/2 -> 12.875
A23: Louloubi | B23: Fatima Massaoudou | C23: 31/12/2010 à Louloubi | D23: Massaoudou Hamidin | E23: Sae Saboua | F23: 18 | G23: 2022 | H23: 1 | I23: 18 | J23: =[1]!Tableau2[[#This Row],[Annee d''inscription au programme]]&"-"&[1]!Tableau2[[#This Row],[Code d''ecole]]&"-"&[1]!Tableau2[[#This Row],[Numero HM de la fille]] -> #ERROR! | K23: 11.5 | L23: 6 | M23: =SUM(K23+L23)/2 -> 8.75 | N23: 15.5 | O23: 14 | P23: =SUM(N23+O23)/2 -> 14.75
A24: Louloubi | B24: Ramatou Oumarou | C24: 26/06/2009 à Louloubi | D24: Oumarou | E24: Sae Saboua | F24: 19 | G24: 2022 | H24: 1 | I24: 19 | J24: =[1]!Tableau2[[#This Row],[Annee d''inscription au programme]]&"-"&[1]!Tableau2[[#This Row],[Code d''ecole]]&"-"&[1]!Tableau2[[#This Row],[Numero HM de la fille]] -> #ERROR! | K24: 6 | L24: 2.5 | M24: =SUM(K24+L24)/2 -> 4.25 | N24: 14 | O24: 15 | P24: =SUM(N24+O24)/2 -> 14.5
A25: Louloubi | B25: Ramatou Abdoul Karim | C25: Vers 2OO9 à Louloubi | D25: Abdoul Karim | E25: Sae Saboua | F25: 20 | G25: 2022 | H25: 1 | I25: 20 | J25: =[1]!Tableau2[[#This Row],[Annee d''inscription au programme]]&"-"&[1]!Tableau2[[#This Row],[Code d''ecole]]&"-"&[1]!Tableau2[[#This Row],[Numero HM de la fille]] -> #ERROR! | K25: 6 | L25: 3 | M25: =SUM(K25+L25)/2 -> 4.5 | N25: 14.25 | O25: 16.5 | P25: =SUM(N25+O25)/2 -> 15.375
A26: Louloubi | B26: Ramanatou Ma'azou | C26: 13/03/2009 à Tsaraki Saboua | D26: Ma'azou | E26: Sae Saboua | F26: 21 | G26: 2022 | H26: 1 | I26: 21 | J26: =[1]!Tableau2[[#This Row],[Annee d''inscription au programme]]&"-"&[1]!Tableau2[[#This Row],[Code d''ecole]]&"-"&[1]!Tableau2[[#This Row],[Numero HM de la fille]] -> #ERROR! | K26: 9 | L26: 6.5 | M26: =SUM(K26+L26)/2 -> 7.75 | N26: 19 | O26: 15.5 | P26: =SUM(N26+O26)/2 -> 17.25
... A29: Kadata | B29: Chamsia Rabé | C29: Vers 2011 à Kadata | D29: Rabé Salifou | E29: Sae Saboua | F29: 24 | G29: 2022 | H29: 2 | I29: 24 | J29: =[1]!Tableau2[[#This Row],[Annee d''inscription au programme]]&"-"&[1]!Tableau2[[#This Row],[Code d''ecole]]&"-"&[1]!Tableau2[[#This Row],[Numero HM de la fille]] -> #ERROR! | K29: 7.5 | L29: 5 | M29: =SUM(K29+L29)/2 -> 6.25 | N29: 19.25 | O29: 15.5 | P29: =SUM(N29+O29)/2 -> 17.375
M30: =SUM(K30+L30)/2 -> 0 | P30: =SUM(N30+O30)/2 -> 0
A31: Kadata | B31: Fassouma Aboubacar | C31: Vers 2010 à Kadata | D31: Aboubacar Ibrahim | E31: Sae Saboua | F31: 25 | G31: 2022 | H31: 2 | I31: 26 | J31: =[1]!Tableau2[[#This Row],[Annee d''inscription au programme]]&"-"&[1]!Tableau2[[#This Row],[Code d''ecole]]&"-"&[1]!Tableau2[[#This Row],[Numero HM de la fille]] -> #ERROR! | M31: =SUM(K31+L31)/2 -> 0 | P31: =SUM(N31+O31)/2 -> 0
A32: Kadata | B32: Kadidja Ali | C32: Vers 2011 à Kadata | D32: Ali Barmo | E32: Sae Saboua | F32: 26 | G32: 2022 | H32: 2 | I32: 27 | J32: =[1]!Tableau2[[#This Row],[Annee d''inscription au programme]]&"-"&[1]!Tableau2[[#This Row],[Code d''ecole]]&"-"&[1]!Tableau2[[#This Row],[Numero HM de la fille]] -> #ERROR! | K32: 4.5 | L32: 12.75 | M32: =SUM(K32+L32)/2 -> 8.625 | N32: 16.5 | O32: 18.5 | P32: =SUM(N32+O32)/2 -> 17.5
A33: Kadata | B33: Kadija Idi | C33: Vers 2011 à Kadata | D33: Idi Issa | E33: Sae Saboua | F33: 27 | G33: 2022 | H33: 2 | I33: 28 | J33: =[1]!Tableau2[[#This Row],[Annee d''inscription au programme]]&"-"&[1]!Tableau2[[#This Row],[Code d''ecole]]&"-"&[1]!Tableau2[[#This Row],[Numero HM de la fille]] -> #ERROR! | K33: 7.25 | L33: 5 | M33: =SUM(K33+L33)/2 -> 6.125 | N33: 17.25 | O33: 14.5 | P33: =SUM(N33+O33)/2 -> 15.875
A34: Kadata | B34: Laria Habibou | C34: Vers 2011 à Kadata | D34: Habibou Hassan | E34: Sae Saboua | F34: 28 | G34: 2022 | H34: 2 | I34: 29 | J34: =[1]!Tableau2[[#This Row],[Annee d''inscription au programme]]&"-"&[1]!Tableau2[[#This Row],[Code d''ecole]]&"-"&[1]!Tableau2[[#This Row],[Numero HM de la fille]] -> #ERROR! | K34: 2.25 | L34: 4 | M34: =SUM(K34+L34)/2 -> 3.125 | N34: 17 | O34: 14.4 | P34: =SUM(N34+O34)/2 -> 15.7
A35: Kadata | B35: Manira Halilou | C35: Vers 2011 à Kadata | D35: Halilou Maàzou | E35: Sae Saboua | F35: 29 | G35: 2022 | H35: 2 | I35: 30 | J35: =[1]!Tableau2[[#This Row],[Annee d''inscription au programme]]&"-"&[1]!Tableau2[[#This Row],[Code d''ecole]]&"-"&[1]!Tableau2[[#This Row],[Numero HM de la fille]] -> #ERROR! | K35: 7.25 | L35: 7.75 | M35: =SUM(K35+L35)/2 -> 7.5 | N35: 16.25 | O35: 14 | P35: =SUM(N35+O35)/2 -> 15.125
A36: Kadata | B36: Ousseina Garba | C36: Vers 2010 à Kadata | D36: Garba Mahaman | E36: Sae Saboua | F36: 30 | G36: 2022 | H36: 2 | I36: 31 | J36: =[1]!Tableau2[[#This Row],[Annee d''inscription au programme]]&"-"&[1]!Tableau2[[#This Row],[Code d''ecole]]&"-"&[1]!Tableau2[[#This Row],[Numero HM de la fille]] -> #ERROR! | K36: 2.5 | L36: 12.25 | M36: =SUM(K36+L36)/2 -> 7.375 | N36: 18.25 | O36: 15 | P36: =SUM(N36+O36)/2 -> 16.625
A37: Kadata | B37: Rapia Idi | C37: Vers 2010 à Kadata | D37: Idi Malan Abdou | E37: Sae Saboua | F37: 31 | G37: 2022 | H37: 2 | I37: 32 | J37: =[1]!Tableau2[[#This Row],[Annee d''inscription au programme]]&"-"&[1]!Tableau2[[#This Row],[Code d''ecole]]&"-"&[1]!Tableau2[[#This Row],[Numero HM de la fille]] -> #ERROR! | K37: 2.5 | L37: 8.75 | M37: =SUM(K37+L37)/2 -> 5.625 | N37: 17.75 | O37: 16 | P37: =SUM(N37+O37)/2 -> 16.875
A38: Kadata | B38: Safina Kabirou | C38: Vers 2011 à Kadata | D38: Kabirou Moussa | E38: Sae Saboua | F38: 32 | G38: 2022 | H38: 2 | I38: 33 | J38: =[1]!Tableau2[[#This Row],[Annee d''inscription au programme]]&"-"&[1]!Tableau2[[#This Row],[Code d''ecole]]&"-"&[1]!Tableau2[[#This Row],[Numero HM de la fille]] -> #ERROR! | M38: =SUM(K38+L38)/2 -> 0 | P38: =SUM(N38+O38)/2 -> 0
A39: Kadata | B39: Safia Yahaya | C39: Vers 2010 à Kadata | D39: Yahaya Tsalha | E39: Sae Saboua | F39: 33 | G39: 2022 | H39: 2 | I39: 34 | J39: =[1]!Tableau2[[#This Row],[Annee d''inscription au programme]]&"-"&[1]!Tableau2[[#This Row],[Code d''ecole]]&"-"&[1]!Tableau2[[#This Row],[Numero HM de la fille]] -> #ERROR! | K39: 6.5 | L39: 4.5 | M39: =SUM(K39+L39)/2 -> 5.5 | N39: 17 | O39: 16.5 | P39: =SUM(N39+O39)/2 -> 16.75
F40: 32 | M40: =SUM(K40+L40)/2 -> 0 | P40: =SUM(N40+O40)/2 -> 0
A41: Kadata | B41: Souéba Moussa | C41: Vers 2011 à Kadata | D41: Moussa Issoufou | E41: Sae Saboua | F41: 34 | G41: 2022 | H41: 2 | I41: 36 | J41: =[1]!Tableau2[[#This Row],[Annee d''inscription au programme]]&"-"&[1]!Tableau2[[#This Row],[Code d''ecole]]&"-"&[1]!Tableau2[[#This Row],[Numero HM de la fille]] -> #ERROR! | K41: 6 | L41: 8.75 | M41: =SUM(K41+L41)/2 -> 7.375 | N41: 16.5 | O41: 16.5 | P41: =SUM(N41+O41)/2 -> 16.5
A42: Kadata | B42: Zeinab Ibrahim | C42: Vers 2011 à Kadata | D42: Ibrahim | E42: Sae Saboua | F42: 35 | G42: 2022 | H42: 2 | I42: 37 | J42: =[1]!Tableau2[[#This Row],[Annee d''inscription au programme]]&"-"&[1]!Tableau2[[#This Row],[Code d''ecole]]&"-"&[1]!Tableau2[[#This Row],[Numero HM de la fille]] -> #ERROR! | K42: 8.25 | L42: 7.25 | M42: =SUM(K42+L42)/2 -> 7.75 | N42: 19 | O42: 17 | P42: =SUM(N42+O42)/2 -> 18
A43: Barouana | B43: Assamaou Hassan | C43: 31/12/ 2011 à Barouana | D43: Hassan Halilou | E43: Sae Saboua | F43: 36 | G43: 2022 | H43: 3 | I43: 38 | J43: =[1]!Tableau2[[#This Row],[Annee d''inscription au programme]]&"-"&[1]!Tableau2[[#This Row],[Code d''ecole]]&"-"&[1]!Tableau2[[#This Row],[Numero HM de la fille]] -> #ERROR! | K43: 3 | L43: 0 | M43: =SUM(K43+L43)/2 -> 1.5 | N43: 10 | O43: 14.5 | P43: =SUM(N43+O43)/2 -> 12.25
A44: Barouana | B44: Amina Abdou | C44: 31/01/2011 à Barouana | D44: Abdou Chaibou | E44: Sae Saboua | F44: 37 | G44: 2022 | H44: 3 | I44: 39 | J44: =[1]!Tableau2[[#This Row],[Annee d''inscription au programme]]&"-"&[1]!Tableau2[[#This Row],[Code d''ecole]]&"-"&[1]!Tableau2[[#This Row],[Numero HM de la fille]] -> #ERROR! | M44: =SUM(K44+L44)/2 -> 0 | P44: =SUM(N44+O44)/2 -> 0
A45: Barouana | B45: Bassira Oumarou | C45: 31/12/2011 à Barouana | D45: Oumarou Chaibou | E45: Sae Saboua | F45: 38 | G45: 2022 | H45: 3 | I45: 40 | J45: =[1]!Tableau2[[#This Row],[Annee d''inscription au programme]]&"-"&[1]!Tableau2[[#This Row],[Code d''ecole]]&"-"&[1]!Tableau2[[#This Row],[Numero HM de la fille]] -> #ERROR! | K45: 8 | L45: 9.5 | M45: =SUM(K45+L45)/2 -> 8.75 | N45: 16 | O45: 15.5 | P45: =SUM(N45+O45)/2 -> 15.75
A46: Barouana | B46: Choukouria Moussa | C46: 31/12/2011 à Barouana | D46: Moussa Mamane | E46: Sae Saboua | F46: 39 | G46: 2022 | H46: 3 | I46: 41 | J46: =[1]!Tableau2[[#This Row],[Annee d''inscription au programme]]&"-"&[1]!Tableau2[[#This Row],[Code d''ecole]]&"-"&[1]!Tableau2[[#This Row],[Numero HM de la fille]] -> #ERROR! | K46: 4 | L46: 1 | M46: =SUM(K46+L46)/2 -> 2.5 | N46: 11.5 | O46: 14 | P46: =SUM(N46+O46)/2 -> 12.75
A47: Barouana | B47: Fa'iza Inoussa | C47: 31/12/2011 à bBarouana | D47: Inoussa Garba | E47: Sae Saboua | F47: 40 | G47: 2022 | H47: 3 | I47: 42 | J47: =[1]!Tableau2[[#This Row],[Annee d''inscription au programme]]&"-"&[1]!Tableau2[[#This Row],[Code d''ecole]]&"-"&[1]!Tableau2[[#This Row],[Numero HM de la fille]] -> #ERROR! | K47: 4 | L47: 2 | M47: =SUM(K47+L47)/2 -> 3 | N47: 14 | O47: 18 | P47: =SUM(N47+O47)/2 -> 16
A48: Barouana | B48: Haoua Mamane | C48: 31/12/2011 à Barouana | D48: Mamane Bowey | E48: Sae Saboua | F48: 41 | G48: 2022 | H48: 3 | I48: 43 | J48: =[1]!Tableau2[[#This Row],[Annee d''inscription au programme]]&"-"&[1]!Tableau2[[#This Row],[Code d''ecole]]&"-"&[1]!Tableau2[[#This Row],[Numero HM de la fille]] -> #ERROR! | K48: 4 | L48: 1.5 | M48: =SUM(K48+L48)/2 -> 2.75 | N48: 14 | O48: 10 | P48: =SUM(N48+O48)/2 -> 12
A49: Barouana | B49: Hazima Moumouni | C49: 31/12/2011 a Barouana | D49: Moumouni Garba | E49: Sae Saboua | F49: 42 | G49: 2022 | H49: 3 | I49: 44 | J49: =[1]!Tableau2[[#This Row],[Annee d''inscription au programme]]&"-"&[1]!Tableau2[[#This Row],[Code d''ecole]]&"-"&[1]!Tableau2[[#This Row],[Numero HM de la fille]] -> #ERROR! | K49: 4 | L49: 2.5 | M49: =SUM(K49+L49)/2 -> 3.25 | N49: 14 | O49: 18 | P49: =SUM(N49+O49)/2 -> 16
A50: Barouana | B50: Habiba Chaibou | C50: 31/12/2011 a Barouana | D50: Chaibou Adamou | E50: Sae Saboua | F50: 43 | G50: 2022 | H50: 3 | I50: 45 | J50: =[1]!Tableau2[[#This Row],[Annee d''inscription au programme]]&"-"&[1]!Tableau2[[#This Row],[Code d''ecole]]&"-"&[1]!Tableau2[[#This Row],[Numero HM de la fille]] -> #ERROR! | K50: 5.5 | L50: 7.5 | M50: =SUM(K50+L50)/2 -> 6.5 | N50: 14.5 | O50: 14 | P50: =SUM(N50+O50)/2 -> 14.25
A51: Barouana | B51: Hanifa Maliki | C51: 31/12/2011 a Barouana | D51: Maliki Yahaya | E51: Sae Saboua | F51: 44 | G51: 2022 | H51: 3 | I51: 46 | J51: =[1]!Tableau2[[#This Row],[Annee d''inscription au programme]]&"-"&[1]!Tableau2[[#This Row],[Code d''ecole]]&"-"&[1]!Tableau2[[#This Row],[Numero HM de la fille]] -> #ERROR! | K51: 5 | L51: 2 | M51: =SUM(K51+L51)/2 -> 3.5 | N51: 11.5 | O51: 17 | P51: =SUM(N51+O51)/2 -> 14.25
A52: Barouana | B52: Kalifa Habibou | C52: 31/12/2011 a Barouana | D52: Habibou Issa | E52: Sae Saboua | F52: 45 | G52: 2022 | H52: 3 | I52: 47 | J52: =[1]!Tableau2[[#This Row],[Annee d''inscription au programme]]&"-"&[1]!Tableau2[[#This Row],[Code d''ecole]]&"-"&[1]!Tableau2[[#This Row],[Numero HM de la fille]] -> #ERROR! | K52: 5.5 | L52: 0.5 | M52: =SUM(K52+L52)/2 -> 3 | N52: 14.5 | O52: 15 | P52: =SUM(N52+O52)/2 -> 14.75
A53: Barouana | B53: Kadidja Saley | C53: 31/12/2011 a Barouana | D53: Salé Garba | E53: Sae Saboua | F53: 46 | G53: 2022 | H53: 3 | I53: 48 | J53: =[1]!Tableau2[[#This Row],[Annee d''inscription au programme]]&"-"&[1]!Tableau2[[#This Row],[Code d''ecole]]&"-"&[1]!Tableau2[[#This Row],[Numero HM de la fille]] -> #ERROR! | K53: 11.5 | L53: 5.5 | M53: =SUM(K53+L53)/2 -> 8.5 | N53: 10.5 | O53: 14 | P53: =SUM(N53+O53)/2 -> 12.25
A54: Barouana | B54: Kadidja Chapiou | C54: 31/12/2011 a Barouana | D54: Chapiou Laouali | E54: Sae Saboua | F54: 47 | G54: 2022 | H54: 3 | I54: 49 | J54: =[1]!Tableau2[[#This Row],[Annee d''inscription au programme]]&"-"&[1]!Tableau2[[#This Row],[Code d''ecole]]&"-"&[1]!Tableau2[[#This Row],[Numero HM de la fille]] -> #ERROR! | K54: 2 | L54: 1.5 | M54: =SUM(K54+L54)/2 -> 1.75 | N54: 12.5 | O54: 12.25 | P54: =SUM(N54+O54)/2 -> 12.375
A55: Barouana | B55: Laritou Abdou | C55: 31/12/2011 a Barouana | D55: Abdou Issa | E55: Sae Saboua | F55: 48 | G55: 2022 | H55: 3 | I55: 50 | J55: =[1]!Tableau2[[#This Row],[Annee d''inscription au programme]]&"-"&[1]!Tableau2[[#This Row],[Code d''ecole]]&"-"&[1]!Tableau2[[#This Row],[Numero HM de la fille]] -> #ERROR! | M55: =SUM(K55+L55)/2 -> 0 | N55: 10.5 | O55: 11.5 | P55: =SUM(N55+O55)/2 -> 11
A56: Barouana | B56: Mariama Mansour | C56: 31/12/2011 a Barouana | D56: Mansour Garba | E56: Sae Saboua | F56: 49 | G56: 2022 | H56: 3 | I56: 51 | J56: =[1]!Tableau2[[#This Row],[Annee d''inscription au programme]]&"-"&[1]!Tableau2[[#This Row],[Code d''ecole]]&"-"&[1]!Tableau2[[#This Row],[Numero HM de la fille]] -> #ERROR! | K56: 6.5 | L56: 2.5 | M56: =SUM(K56+L56)/2 -> 4.5 | N56: 13.5 | O56: 14.5 | P56: =SUM(N56+O56)/2 -> 14
A57: Barouana | B57: Marliya Yahaya | C57: 31/12/2011 a Barouana | D57: Yahaya Isoufou | E57: Sae Saboua | F57: 50 | G57: 2022 | H57: 3 | I57: 52 | J57: =[1]!Tableau2[[#This Row],[Annee d''inscription au programme]]&"-"&[1]!Tableau2[[#This Row],[Code d''ecole]]&"-"&[1]!Tableau2[[#This Row],[Numero HM de la fille]] -> #ERROR! | K57: 3.5 | L57: 0 | M57: =SUM(K57+L57)/2 -> 1.75 | N57: 13.5 | O57: 16 | P57: =SUM(N57+O57)/2 -> 14.75
A58: Barouana | B58: Nana Aicha Issaka | C58: 31/12/2011 a Barouana | D58: Issaka Adamou | E58: Sae Saboua | F58: 51 | G58: 2022 | H58: 3 | I58: 53 | J58: =[1]!Tableau2[[#This Row],[Annee d''inscription au programme]]&"-"&[1]!Tableau2[[#This Row],[Code d''ecole]]&"-"&[1]!Tableau2[[#This Row],[Numero HM de la fille]] -> #ERROR! | M58: =SUM(K58+L58)/2 -> 0 | N58: 11 | O58: 10.75 | P58: =SUM(N58+O58)/2 -> 10.875
A59: Barouana | B59: Rabi Issaka | C59: 31/12/2011 a Barouana | D59: Issaka Adamou | E59: Sae Saboua | F59: 52 | G59: 2022 | H59: 3 | I59: 54 | J59: =[1]!Tableau2[[#This Row],[Annee d''inscription au programme]]&"-"&[1]!Tableau2[[#This Row],[Code d''ecole]]&"-"&[1]!Tableau2[[#This Row],[Numero HM de la fille]] -> #ERROR! | K59: 6 | L59: 5 | M59: =SUM(K59+L59)/2 -> 5.5 | N59: 12 | O59: 10.5 | P59: =SUM(N59+O59)/2 -> 11.25
A60: Barouana | B60: Razina Abdoul Karim | C60: 31/12/2011 a Barouana | D60: Abdoul Karim Moussa | E60: Sae Saboua | F60: 53 | G60: 2022 | H60: 3 | I60: 55 | J60: =[1]!Tableau2[[#This Row],[Annee d''inscription au programme]]&"-"&[1]!Tableau2[[#This Row],[Code d''ecole]]&"-"&[1]!Tableau2[[#This Row],[Numero HM de la fille]] -> #ERROR! | K60: 12 | L60: 3.5 | M60: =SUM(K60+L60)/2 -> 7.75 | N60: 14 | O60: 13.5 | P60: =SUM(N60+O60)/2 -> 13.75
A61: Barouana | B61: Samira Yacouba | C61: 31/12/2011 a Barouana | D61: Yacouba Maman Laouali | E61: Sae Saboua | F61: 54 | G61: 2022 | H61: 3 | I61: 56 | J61: =[1]!Tableau2[[#This Row],[Annee d''inscription au programme]]&"-"&[1]!Tableau2[[#This Row],[Code d''ecole]]&"-"&[1]!Tableau2[[#This Row],[Numero HM de la fille]] -> #ERROR! | K61: 2 | L61: 1 | M61: =SUM(K61+L61)/2 -> 1.5 | N61: 14 | O61: 18 | P61: =SUM(N61+O61)/2 -> 16
A62: Barouana | B62: Soumaya Moussa | C62: 31/12/2011 a Barouana | D62: Moussa Laouali | E62: Sae Saboua | F62: 55 | G62: 2023 | H62: 3 | I62: 57 | J62: =[1]!Tableau2[[#This Row],[Annee d''inscription au programme]]&"-"&[1]!Tableau2[[#This Row],[Code d''ecole]]&"-"&[1]!Tableau2[[#This Row],[Numero HM de la fille]] -> #ERROR! | K62: 4 | L62: 2 | M62: =SUM(K62+L62)/2 -> 3 | N62: 13 | O62: 12.25 | P62: =SUM(N62+O62)/2 -> 12.625
A63: Barouana | B63: Salaha Tsayabou | C63: 31/12/2011 à Barouana | D63: Tsahirou Issa | E63: Sae Saboua | F63: 56 | G63: 2022 | H63: 3 | I63: 58 | J63: =[1]!Tableau2[[#This Row],[Annee d''inscription au programme]]&"-"&[1]!Tableau2[[#This Row],[Code d''ecole]]&"-"&[1]!Tableau2[[#This Row],[Numero HM de la fille]] -> #ERROR! | K63: 7.5 | L63: 4.5 | M63: =SUM(K63+L63)/2 -> 6 | N63: 18 | O63: 11.5 | P63: =SUM(N63+O63)/2 -> 14.75
A64: Barouana | B64: Tsayaba Laouali | C64: 31/12/2011 à Barouana | D64: Laouali Garba | E64: Sae Saboua | F64: 57 | G64: 2022 | H64: 3 | I64: 59 | J64: =[1]!Tableau2[[#This Row],[Annee d''inscription au programme]]&"-"&[1]!Tableau2[[#This Row],[Code d''ecole]]&"-"&[1]!Tableau2[[#This Row],[Numero HM de la fille]] -> #ERROR! | K64: 7 | L64: 4 | M64: =SUM(K64+L64)/2 -> 5.5 | N64: 17.5 | O64: 13 | P64: =SUM(N64+O64)/2 -> 15.25
A65: Barouana | B65: Zeitouna Abdou | C65: 31/12/2011 a Barouana | D65: Abdou Issa | E65: Sae Saboua | F65: 58 | G65: 2022 | H65: 3 | I65: 60 | J65: =[1]!Tableau2[[#This Row],[Annee d''inscription au programme]]&"-"&[1]!Tableau2[[#This Row],[Code d''ecole]]&"-"&[1]!Tableau2[[#This Row],[Numero HM de la fille]] -> #ERROR! | K65: 6 | L65: 0.5 | M65: =SUM(K65+L65)/2 -> 3.25 | N65: 14.5 | O65: 16 | P65: =SUM(N65+O65)/2 -> 15.25
A66: Barouana | B66: Zeinabou Ousmane | C66: 31/12/2011 a Barouana | D66: Ousma Dan Ali | E66: Sae Saboua | F66: 59 | G66: 2022 | H66: 3 | I66: 61 | J66: =[1]!Tableau2[[#This Row],[Annee d''inscription au programme]]&"-"&[1]!Tableau2[[#This Row],[Code d''ecole]]&"-"&[1]!Tableau2[[#This Row],[Numero HM de la fille]] -> #ERROR! | K66: 6.5 | L66: 2 | M66: =SUM(K66+L66)/2 -> 4.25 | N66: 16.5 | O66: 13.5 | P66: =SUM(N66+O66)/2 -> 15
A67: Barouana | B67: Zeinabou Aminou | C67: 31/12/2011 a Barouana | D67: Aminou Harouna | E67: Sae Saboua | F67: 60 | G67: 2022 | H67: 3 | I67: 62 | J67: =[1]!Tableau2[[#This Row],[Annee d''inscription au programme]]&"-"&[1]!Tableau2[[#This Row],[Code d''ecole]]&"-"&[1]!Tableau2[[#This Row],[Numero HM de la fille]] -> #ERROR! | K67: 4 | L67: 5 | M67: =SUM(K67+L67)/2 -> 4.5 | N67: 13.5 | O67: 10 | P67: =SUM(N67+O67)/2 -> 11.75
A68: Barouana | B68: Zeinabou Yacoubou | C68: 31/12/2011 a Barouana | D68: Yacoubou Issa | E68: Sae Saboua | F68: 61 | G68: 2022 | H68: 3 | I68: 63 | J68: =[1]!Tableau2[[#This Row],[Annee d''inscription au programme]]&"-"&[1]!Tableau2[[#This Row],[Code d''ecole]]&"-"&[1]!Tableau2[[#This Row],[Numero HM de la fille]] -> #ERROR! | K68: 7.5 | L68: 3 | M68: =SUM(K68+L68)/2 -> 5.25 | N68: 13 | O68: 11.75 | P68: =SUM(N68+O68)/2 -> 12.375
A69: Barouana | B69: Zoulfaou Abaché | C69: 31/12/2011 a Barouana | D69: Abaché Harouna | E69: Sae Saboua | F69: 62 | G69: 2022 | H69: 3 | I69: 64 | J69: =[1]!Tableau2[[#This Row],[Annee d''inscription au programme]]&"-"&[1]!Tableau2[[#This Row],[Code d''ecole]]&"-"&[1]!Tableau2[[#This Row],[Numero HM de la fille]] -> #ERROR! | K69: 10.5 | L69: 7 | M69: =SUM(K69+L69)/2 -> 8.75 | N69: 16.5 | O69: 15.5 | P69: =SUM(N69+O69)/2 -> 16
A70: Barouana | B70: Azima Inoussa | C70: 31/12/2011 a Barouana | D70: Inoussa | E70: Sae Saboua | F70: 63 | G70: 2023 | H70: 3 | I70: 65 | J70: =[1]!Tableau2[[#This Row],[Annee d''inscription au programme]]&"-"&[1]!Tableau2[[#This Row],[Code d''ecole]]&"-"&[1]!Tableau2[[#This Row],[Numero HM de la fille]] -> #ERROR! | K70: 14 | L70: 9 | M70: =SUM(K70+L70)/2 -> 11.5 | N70: 18 | O70: 16.5 | P70: =SUM(N70+O70)/2 -> 17.25
A71: Barouana | B71: Dardiya Ousmane | C71: 31/12/2011 a Barouana | D71: Ousmane | E71: Sae Saboua | F71: 64 | G71: 2023 | H71: 3 | I71: 66 | K71: 3 | L71: 1 | M71: =SUM(K71+L71)/2 -> 2 | N71: 12 | O71: 15.75 | P71: =SUM(N71+O71)/2 -> 13.875
A72: Barouana | B72: Habsatou Haladou | C72: 31/12/2011 a Barouana | D72: Haladou | E72: Sae Saboua | F72: 65 | G72: 2023 | H72: 3 | I72: 67 | K72: 4 | L72: 4.5 | M72: =SUM(K72+L72)/2 -> 4.25 | N72: 12.5 | O72: 12.5 | P72: =SUM(N72+O72)/2 -> 12.5
A73: Barouana | B73: Mariama Garba | C73: 31/12/2011 a Barouana | D73: Garba | E73: Sae Saboua | F73: 66 | G73: 2023 | H73: 3 | I73: 68 | K73: 3 | L73: 1 | M73: =SUM(K73+L73)/2 -> 2 | N73: 11 | O73: 15.5 | P73: =SUM(N73+O73)/2 -> 13.25
A74: Barouana | B74: Nana Firdaoussi Inoussa | C74: 31/12/2011 a Barouana | D74: Inoussa | E74: Sae Saboua | F74: 67 | G74: 2023 | H74: 3 | I74: 69 | K74: 7 | L74: 4 | M74: =SUM(K74+L74)/2 -> 5.5 | N74: 17 | O74: 10.5 | P74: =SUM(N74+O74)/2 -> 13.75
A75: Barouana | B75: Roumma Oumarou | C75: 31/12/2011 a Barouana | D75: Oumarou | E75: Sae Saboua | F75: 68 | G75: 2023 | H75: 3 | I75: 70 | K75: 3 | L75: 3 | M75: =SUM(K75+L75)/2 -> 3 | N75: 18 | O75: 10.5 | P75: =SUM(N75+O75)/2 -> 14.25
A76: Barouana | B76: Yasmina Sa'adou | C76: 31/12/2011 a Barouana | D76: Sa'adou | E76: Sae Saboua | F76: 69 | G76: 2023 | H76: 3 | I76: 71 | K76: 8.5 | L76: 6.5 | M76: =SUM(K76+L76)/2 -> 7.5 | N76: 17 | O76: 15.5 | P76: =SUM(N76+O76)/2 -> 16.25
A77: Barouana | B77: Zeinabou Sabiou | C77: 31/12/2011 a Barouana | D77: Sabiou | E77: Sae Saboua | F77: 70 | G77: 2023 | H77: 3 | I77: 72 | K77: 4 | L77: 1.5 | M77: =SUM(K77+L77)/2 -> 2.75 | N77: 12.5 | O77: 15.5 | P77: =SUM(N77+O77)/2 -> 14
A78: Kadata | B78: Badariya Hachimou | D78: Hachimou | E78: Sae Saboua | F78: 71 | G78: 2023 | H78: 2 | I78: 73 | K78: 3.75 | L78: 7 | M78: =SUM(K78+L78)/2 -> 5.375 | N78: 15.75 | O78: 14.5 | P78: =SUM(N78+O78)/2 -> 15.125
A79: Kadata | B79: Nafissatou Boukari | D79: Boukari | E79: Sae Saboua | F79: 72 | G79: 2023 | H79: 2 | I79: 74 | K79: 2.25 | L79: 8.25 | M79: =SUM(K79+L79)/2 -> 5.25 | N79: 16.75 | O79: 13.5 | P79: =SUM(N79+O79)/2 -> 15.125
A80: Kadata | B80: Ramatou Adamou | D80: Adamou | E80: Sae Saboua | F80: 73 | G80: 2023 | H80: 2 | I80: 75 | K80: 6.75 | L80: 7.5 | M80: =SUM(K80+L80)/2 -> 7.125 | N80: 19.5 | O80: 15 | P80: =SUM(N80+O80)/2 -> 17.25
A81: Louloubi | B81: Chappa'atou Illiassou | D81: Illiassou | E81: Sae Saboua | F81: 74 | G81: 2023 | H81: 1 | I81: 76 | K81: 8 | L81: 3.5 | M81: =SUM(K81+L81)/2 -> 5.75 | N81: 14.75 | O81: 12.5 | P81: =SUM(N81+O81)/2 -> 13.625
A82: Louloubi | B82: Nadja'atou Oumarou | D82: Oumarou | E82: Sae Saboua | F82: 75 | G82: 2023 | H82: 1 | I82: 77 | K82: 8 | L82: 4 | M82: =SUM(K82+L82)/2 -> 6 | N82: 17.5 | O82: 13.5 | P82: =SUM(N82+O82)/2 -> 15.5
A83: Louloubi | B83: Razina Mamane | D83: Mamane | E83: Sae Saboua | F83: 76 | G83: 2023 | H83: 1 | I83: 78 | K83: 8.5 | L83: 4.5 | M83: =SUM(K83+L83)/2 -> 6.5 | N83: 14 | O83: 15.5 | P83: =SUM(N83+O83)/2 -> 14.75
A84: Louloubi | B84: Hassana Sanoussi | D84: Sanoussi | E84: Sae Saboua | F84: 77 | G84: 2023 | H84: 1 | I84: 79 | K84: 10 | L84: 6 | M84: =SUM(K84+L84)/2 -> 8 | N84: 13.75 | O84: 17 | P84: =SUM(N84+O84)/2 -> 15.375
B85: MOYENNE | K85: =AVERAGE(K6:K84) -> 6.2077465 | L85: =AVERAGE(L6:L84) -> 4.7464789 | M85: =AVERAGE(K85+L85)/2 -> 5.4771127 | N85: =AVERAGE(N6:N84) -> 14.922297 | O85: =AVERAGE(O6:O84) -> 14.481757 | P85: =AVERAGE(N85+O85)/2 -> 14.702027
A86: MOYENNE
M87: =AVERAGE(M6:M85) -> 4.9294014 | P87: =AVERAGE(P6) -> 13.75

Sheet Groupe Temoin 
A2: BASE CONTRÔLE CM2
A3: 2022-2023
G4: Identifiant de la fille | K4: BASE-LINE | N4: END-LINE | Q4: Examens
A5: Ecole | B5: Nom et Prénom | C5: Date et lieu de naissance | D5: Nom et prénom du père | E5: Nom de la commune | F5: Nombre des filles | G5: Annee d'inscription au programme | H5: Code d'ecole | I5: Numero HM de la fille | J5: Identifiant Unique | K5: Français /20 | L5: Mathématique /20 | M5: Moyenne Générale/40 | N5: Français/20 | O5: Mathématique/20 | P5: Moyenne Générale /40 | Q5: 1ère composition/10 | R5: 2è composition/10 | S5: 3è composition | T5: Moyenne générale | U5: Commentaire | V5: Situation (fin d'annee scolaire 2022-2023)
A6: Mata Milki | B6: Aicha Inoussa | C6: 31/12/11 à Mata Mulki | D6: Inoussa | E6: Sae Saboua | F6: 1 | G6: 2022 | H6: 1 | I6: 1 | J6: ='Groupe Temoin '!$G6&"-"&'Groupe Temoin '!$H6&"-"&'Groupe Temoin '!$I6 -> 2022-1-1 | K6: 4.5 | L6: 10 | M6: =AVERAGE('Groupe Temoin '!$K6+'Groupe Temoin '!$L6)/2 -> 7.25 | N6: 10 | O6: 10 | P6: =AVERAGE('Groupe Temoin '!$N6+'Groupe Temoin '!$O6)/2 -> 10
A7: Mata Milki | B7: Biba Abdou | C7: 31/12/10 à Mata Mulki | D7: Abdou | E7: Sae Saboua | F7: 2 | G7: 2022 | H7: 1 | I7: 2 | J7: ='Groupe Temoin '!$G7&"-"&'Groupe Temoin '!$H7&"-"&'Groupe Temoin '!$I7 -> 2022-1-2 | K7: 6 | L7: 9 | M7: =AVERAGE('Groupe Temoin '!$K7+'Groupe Temoin '!$L7)/2 -> 7.5 | N7: 4 | O7: 2 | P7: =AVERAGE('Groupe Temoin '!$N7+'Groupe Temoin '!$O7)/2 -> 3
A8: Mata Milki | B8: Balkissa Achirou | C8: 31/12/10 à Mata Mulki | D8: Achirou | E8: Sae Saboua | F8: 3 | G8: 2022 | H8: 1 | I8: 3 | J8: ='Groupe Temoin '!$G8&"-"&'Groupe Temoin '!$H8&"-"&'Groupe Temoin '!$I8 -> 2022-1-3 | K8: 6.5 | L8: 14 | M8: =AVERAGE('Groupe Temoin '!$K8+'Groupe Temoin '!$L8)/2 -> 10.25 | N8: 4 | O8: 7.5 | P8: =AVERAGE('Groupe Temoin '!$N8+'Groupe Temoin '!$O8)/2 -> 5.75
A9: Mata Milki | B9: Firdaoussi Ali | C9: 31/12/11 à Mata Mulki | D9: Ali | E9: Sae Saboua | F9: 4 | G9: 2022 | H9: 1 | I9: 4 | J9: ='Groupe Temoin '!$G9&"-"&'Groupe Temoin '!$H9&"-"&'Groupe Temoin '!$I9 -> 2022-1-4 | K9: 8.5 | L9: 14.5 | M9: =AVERAGE('Groupe Temoin '!$K9+'Groupe Temoin '!$L9)/2 -> 11.5 | N9: 3.5 | O9: 6 | P9: =AVERAGE('Groupe Temoin '!$N9+'Groupe Temoin '!$O9)/2 -> 4.75
A10: Mata Milki | B10: Fatiha Abdoul Aziz | C10: 31/12/11 à Mata Mulki | D10: Abdoul Aziz | E10: Sae Saboua | F10: 5 | G10: 2022 | H10: 1 | I10: 5 | J10: ='Groupe Temoin '!$G10&"-"&'Groupe Temoin '!$H10&"-"&'Groupe Temoin '!$I10 -> 2022-1-5 | K10: 3 | L10: 3 | M10: =AVERAGE('Groupe Temoin '!$K10+'Groupe Temoin '!$L10)/2 -> 3 | N10: 2 | O10: 2 | P10: =AVERAGE('Groupe Temoin '!$N10+'Groupe Temoin '!$O10)/2 -> 2
A11: Mata Milki | B11: Hanafiya Baraou | C11: 31/12/11 à Mata Mulki | D11: Baraou | E11: Sae Saboua | F11: 6 | G11: 2022 | H11: 1 | I11: 6 | J11: ='Groupe Temoin '!$G11&"-"&'Groupe Temoin '!$H11&"-"&'Groupe Temoin '!$I11 -> 2022-1-6 | K11: 5.5 | L11: 10 | M11: =AVERAGE('Groupe Temoin '!$K11+'Groupe Temoin '!$L11)/2 -> 7.75 | N11: 4.25 | O11: 10 | P11: =AVERAGE('Groupe Temoin '!$N11+'Groupe Temoin '!$O11)/2 -> 7.125
A12: Mata Milki | B12: Massa'ouda Sidi | C12: 31/12/11 à Mata Mulki | D12: Sidi | E12: Sae Saboua | F12: 7 | G12: 2022 | H12: 1 | I12: 7 | J12: ='Groupe Temoin '!$G12&"-"&'Groupe Temoin '!$H12&"-"&'Groupe Temoin '!$I12 -> 2022-1-7 | K12: 6 | L12: 10 | M12: =AVERAGE('Groupe Temoin '!$K12+'Groupe Temoin '!$L12)/2 -> 8 | N12: 6 | O12: 6 | P12: =AVERAGE('Groupe Temoin '!$N12+'Groupe Temoin '!$O12)/2 -> 6
A13: Mata Milki | B13: Malika Laouali | C13: 31/12/11 à Mata Mulki | D13: Laouali | E13: Sae Saboua | F13: 8 | G13: 2022 | H13: 1 | I13: 8 | J13: ='Groupe Temoin '!$G13&"-"&'Groupe Temoin '!$H13&"-"&'Groupe Temoin '!$I13 -> 2022-1-8 | K13: 2.5 | L13: 5 | M13: =AVERAGE('Groupe Temoin '!$K13+'Groupe Temoin '!$L13)/2 -> 3.75 | N13: 6 | O13: 7 | P13: =AVERAGE('Groupe Temoin '!$N13+'Groupe Temoin '!$O13)/2 -> 6.5
A14: Mata Milki | B14: Mariama Garba | C14: 31/12/10 à Mata Mulki | D14: Garba | E14: Sae Saboua | F14: 9 | G14: 2022 | H14: 1 | I14: 9 | J14: ='Groupe Temoin '!$G14&"-"&'Groupe Temoin '!$H14&"-"&'Groupe Temoin '!$I14 -> 2022-1-9 | K14: 4 | L14: 13 | M14: =AVERAGE('Groupe Temoin '!$K14+'Groupe Temoin '!$L14)/2 -> 8.5 | N14: 6.5 | O14: 5 | P14: =AVERAGE('Groupe Temoin '!$N14+'Groupe Temoin '!$O14)/2 -> 5.75
A15: Mata Milki | B15: Nana Na'ima Tassiou | C15: 31/12/11 à Mata Mulki | D15: Tassiou | E15: Sae Saboua | F15: 10 | G15: 2022 | H15: 1 | I15: 10 | J15: ='Groupe Temoin '!$G15&"-"&'Groupe Temoin '!$H15&"-"&'Groupe Temoin '!$I15 -> 2022-1-10 | K15: 5.5 | L15: 13 | M15: =AVERAGE('Groupe Temoin '!$K15+'Groupe Temoin '!$L15)/2 -> 9.25 | N15: 7 | O15: 5.5 | P15: =AVERAGE('Groupe Temoin '!$N15+'Groupe Temoin '!$O15)/2 -> 6.25
A16: Mata Milki | B16: Ousseina Issaka | C16: 31/12/11 à Mata Mulki | D16: Issaka | E16: Sae Saboua | F16: 11 | G16: 2022 | H16: 1 | I16: 11 | J16: ='Groupe Temoin '!$G16&"-"&'Groupe Temoin '!$H16&"-"&'Groupe Temoin '!$I16 -> 2022-1-11 | K16: 6.5 | L16: 10 | M16: =AVERAGE('Groupe Temoin '!$K16+'Groupe Temoin '!$L16)/2 -> 8.25 | N16: 1.5 | O16: 9 | P16: =AVERAGE('Groupe Temoin '!$N16+'Groupe Temoin '!$O16)/2 -> 5.25
A17: Mata Milki | B17: Rachida Abdou | C17: 31/12/11 à Mata Mulki | D17: Abdou | E17: Sae Saboua | F17: 12 | G17: 2022 | H17: 1 | I17: 12 | J17: ='Groupe Temoin '!$G17&"-"&'Groupe Temoin '!$H17&"-"&'Groupe Temoin '!$I17 -> 2022-1-12 | K17: 5 | L17: 10 | M17: =AVERAGE('Groupe Temoin '!$K17+'Groupe Temoin '!$L17)/2 -> 7.5 | N17: 2.75 | O17: 2 | P17: =AVERAGE('Groupe Temoin '!$N17+'Groupe Temoin '!$O17)/2 -> 2.375
... A26: Mata Milki | B26: Habsatou Ibrahim | C26: 31/12/11 à Mata Mulki | D26: Ibrahim | E26: Sae Saboua | F26: 21 | G26: 2022 | H26: 1 | I26: 21 | J26: ='Groupe Temoin '!$G26&"-"&'Groupe Temoin '!$H26&"-"&'Groupe Temoin '!$I26 -> 2022-1-21 | K26: 2 | L26: 6.5 | M26: =AVERAGE('Groupe Temoin '!$K26+'Groupe Temoin '!$L26)/2 -> 4.25 | N26: 6 | O26: 7 | P26: =AVERAGE('Groupe Temoin '!$N26+'Groupe Temoin '!$O26)/2 -> 6.5
A27: Mountarou 1 | B27: Amira Issaka | D27: Issaka | E27: Sae Saboua | F27: 22 | G27: 2022 | H27: 2 | I27: 22 | J27: ='Groupe Temoin '!$G27&"-"&'Groupe Temoin '!$H27&"-"&'Groupe Temoin '!$I27 -> 2022-2-22 | K27: 5 | L27: 11.5 | M27: =AVERAGE('Groupe Temoin '!$K27+'Groupe Temoin '!$L27)/2 -> 8.25 | N27: 10 | O27: 7.5 | P27: =AVERAGE('Groupe Temoin '!$N27+'Groupe Temoin '!$O27)/2 -> 8.75
A28: Mountarou 1 | B28: Fadila Yaou | D28: Ya'ou | E28: Sae Saboua | F28: 23 | G28: 2022 | H28: 2 | I28: 23 | J28: ='Groupe Temoin '!$G28&"-"&'Groupe Temoin '!$H28&"-"&'Groupe Temoin '!$I28 -> 2022-2-23 | K28: 2.5 | L28: 4 | M28: =AVERAGE('Groupe Temoin '!$K28+'Groupe Temoin '!$L28)/2 -> 3.25 | N28: 2.5 | O28: 7 | P28: =AVERAGE('Groupe Temoin '!$N28+'Groupe Temoin '!$O28)/2 -> 4.75
A29: Mountarou 1 | B29: Zahara'ou Zayya | D29: Zayya | E29: Sae Saboua | F29: 24 | G29: 2022 | H29: 2 | I29: 24 | J29: ='Groupe Temoin '!$G29&"-"&'Groupe Temoin '!$H29&"-"&'Groupe Temoin '!$I29 -> 2022-2-24 | K29: 3.5 | L29: 8 | M29: =AVERAGE('Groupe Temoin '!$K29+'Groupe Temoin '!$L29)/2 -> 5.75 | N29: 4 | O29: 6 | P29: =AVERAGE('Groupe Temoin '!$N29+'Groupe Temoin '!$O29)/2 -> 5
A30: Mountarou 1 | B30: Mansoura Aboubacar | D30: Aboubacar | E30: Sae Saboua | F30: 26 | G30: 2022 | H30: 2 | I30: 26 | J30: ='Groupe Temoin '!$G30&"-"&'Groupe Temoin '!$H30&"-"&'Groupe Temoin '!$I30 -> 2022-2-26 | K30: 3 | L30: 3 | M30: =AVERAGE('Groupe Temoin '!$K30+'Groupe Temoin '!$L30)/2 -> 3 | N30: 2 | O30: 4 | P30: =AVERAGE('Groupe Temoin '!$N30+'Groupe Temoin '!$O30)/2 -> 3
A31: Mountarou 1 | B31: Anissa Sani | D31: Sani | E31: Sae Saboua | F31: 27 | G31: 2022 | H31: 2 | I31: 27 | J31: ='Groupe Temoin '!$G31&"-"&'Groupe Temoin '!$H31&"-"&'Groupe Temoin '!$I31 -> 2022-2-27 | K31: 7 | L31: 8 | M31: =AVERAGE('Groupe Temoin '!$K31+'Groupe Temoin '!$L31)/2 -> 7.5 | N31: 8 | O31: 6 | P31: =AVERAGE('Groupe Temoin '!$N31+'Groupe Temoin '!$O31)/2 -> 7
A32: Mountarou 1 | B32: Yasmina Yaou | D32: Yaou | E32: Sae Saboua | F32: 28 | G32: 2022 | H32: 2 | I32: 28 | J32: ='Groupe Temoin '!$G32&"-"&'Groupe Temoin '!$H32&"-"&'Groupe Temoin '!$I32 -> 2022-2-28 | K32: 7.5 | L32: 9 | M32: =AVERAGE('Groupe Temoin '!$K32+'Groupe Temoin '!$L32)/2 -> 8.25 | N32: 6 | O32: 8 | P32: =AVERAGE('Groupe Temoin '!$N32+'Groupe Temoin '!$O32)/2 -> 7
A33: Mountarou 1 | B33: Manira Sani | D33: Sani | E33: Sae Saboua | F33: 29 | G33: 2022 | H33: 2 | I33: 29 | J33: ='Groupe Temoin '!$G33&"-"&'Groupe Temoin '!$H33&"-"&'Groupe Temoin '!$I33 -> 2022-2-29 | K33: 5 | L33: 9.5 | M33: =AVERAGE('Groupe Temoin '!$K33+'Groupe Temoin '!$L33)/2 -> 7.25 | N33: 6 | O33: 2.5 | P33: =AVERAGE('Groupe Temoin '!$N33+'Groupe Temoin '!$O33)/2 -> 4.25
A34: Mountarou 1 | B34: Rafia Idi | D34: Idi | E34: Sae Saboua | F34: 30 | G34: 2022 | H34: 2 | I34: 30 | J34: ='Groupe Temoin '!$G34&"-"&'Groupe Temoin '!$H34&"-"&'Groupe Temoin '!$I34 -> 2022-2-30 | K34: 5.5 | L34: 4.5 | M34: =AVERAGE('Groupe Temoin '!$K34+'Groupe Temoin '!$L34)/2 -> 5 | N34: 4.5 | O34: 6.25 | P34: =AVERAGE('Groupe Temoin '!$N34+'Groupe Temoin '!$O34)/2 -> 5.375
A35: Mountarou 1 | B35: Nana Samira Sani Saidou | D35: Sani Saidou | E35: Sae Saboua | F35: 31 | G35: 2022 | H35: 2 | I35: 31 | J35: ='Groupe Temoin '!$G35&"-"&'Groupe Temoin '!$H35&"-"&'Groupe Temoin '!$I35 -> 2022-2-31 | K35: 10.5 | L35: 3.5 | M35: =AVERAGE('Groupe Temoin '!$K35+'Groupe Temoin '!$L35)/2 -> 7 | N35: 4 | O35: 1 | P35: =AVERAGE('Groupe Temoin '!$N35+'Groupe Temoin '!$O35)/2 -> 2.5
A36: Mountarou 1 | B36: Fatima Sani | D36: Sani | E36: Sae Saboua | F36: 32 | G36: 2022 | H36: 2 | I36: 32 | J36: ='Groupe Temoin '!$G36&"-"&'Groupe Temoin '!$H36&"-"&'Groupe Temoin '!$I36 -> 2022-2-32 | K36: 7 | L36: 11.5 | M36: =AVERAGE('Groupe Temoin '!$K36+'Groupe Temoin '!$L36)/2 -> 9.25 | N36: 14 | O36: 10.5 | P36: =AVERAGE('Groupe Temoin '!$N36+'Groupe Temoin '!$O36)/2 -> 12.25
A37: Mountarou 1 | B37: Haoua'ou Issaka | D37: Issaka | E37: Sae Saboua | F37: 33 | G37: 2022 | H37: 2 | I37: 33 | J37: ='Groupe Temoin '!$G37&"-"&'Groupe Temoin '!$H37&"-"&'Groupe Temoin '!$I37 -> 2022-2-33 | K37: 5 | L37: 6.5 | M37: =AVERAGE('Groupe Temoin '!$K37+'Groupe Temoin '!$L37)/2 -> 5.75 | N37: 9.25 | O37: 3.5 | P37: =AVERAGE('Groupe Temoin '!$N37+'Groupe Temoin '!$O37)/2 -> 6.375
A38: Mountarou 1 | B38: Soumaya Zouladeini | D38: Zouladeini | E38: Sae Saboua | F38: 34 | G38: 2022 | H38: 2 | I38: 34 | J38: ='Groupe Temoin '!$G38&"-"&'Groupe Temoin '!$H38&"-"&'Groupe Temoin '!$I38 -> 2022-2-34 | K38: 4 | L38: 6.5 | M38: =AVERAGE('Groupe Temoin '!$K38+'Groupe Temoin '!$L38)/2 -> 5.25 | N38: 1.5 | O38: 6 | P38: =AVERAGE('Groupe Temoin '!$N38+'Groupe Temoin '!$O38)/2 -> 3.75
... A45: Karambi Sofoua | B45: Rakia Maman Nassirou | D45: Maman Nassirou | E45: Sae Saboua | F45: 42 | G45: 2022 | H45: 3 | I45: 637 | J45: ='Groupe Temoin '!$G45&"-"&'Groupe Temoin '!$H45&"-"&'Groupe Temoin '!$I45 -> 2022-3-637 | K45: 1 | L45: 2.5 | M45: =AVERAGE('Groupe Temoin '!$K45+'Groupe Temoin '!$L45)/2 -> 1.75 | N45: 1.5 | O45: 5 | P45: =AVERAGE('Groupe Temoin '!$N45+'Groupe Temoin '!$O45)/2 -> 3.25
A46: Karambi Sofoua | B46: Nisseifa Yacouba | D46: Yacouba | E46: Sae Saboua | F46: 43 | G46: 2022 | H46: 3 | I46: 43 | J46: ='Groupe Temoin '!$G46&"-"&'Groupe Temoin '!$H46&"-"&'Groupe Temoin '!$I46 -> 2022-3-43 | K46: 7.5 | L46: 10 | M46: =AVERAGE('Groupe Temoin '!$K46+'Groupe Temoin '!$L46)/2 -> 8.75 | P46: =AVERAGE('Groupe Temoin '!$N46+'Groupe Temoin '!$O46)/2 -> 0
A47: Karambi Sofoua | B47: Soueba Kabirou | D47: Kabirou | E47: Sae Saboua | F47: 44 | G47: 2022 | H47: 3 | I47: 631 | J47: ='Groupe Temoin '!$G47&"-"&'Groupe Temoin '!$H47&"-"&'Groupe Temoin '!$I47 -> 2022-3-631 | K47: 8 | L47: 11.5 | M47: =AVERAGE('Groupe Temoin '!$K47+'Groupe Temoin '!$L47)/2 -> 9.75 | N47: 4.5 | O47: 5 | P47: =AVERAGE('Groupe Temoin '!$N47+'Groupe Temoin '!$O47)/2 -> 4.75
A48: Karambi Sofoua | B48: Rahila Moustapha | D48: Moustapha | E48: Sae Saboua | F48: 45 | G48: 2022 | H48: 3 | I48: 646 | J48: ='Groupe Temoin '!$G48&"-"&'Groupe Temoin '!$H48&"-"&'Groupe Temoin '!$I48 -> 2022-3-646 | K48: 4 | L48: 9.5 | M48: =AVERAGE('Groupe Temoin '!$K48+'Groupe Temoin '!$L48)/2 -> 6.75 | N48: 10 | O48: 7 | P48: =AVERAGE('Groupe Temoin '!$N48+'Groupe Temoin '!$O48)/2 -> 8.5
A49: Karambi Sofoua | B49: Mariama Mamouda | D49: Mamouda | E49: Sae Saboua | F49: 46 | G49: 2022 | H49: 3 | I49: 633 | J49: ='Groupe Temoin '!$G49&"-"&'Groupe Temoin '!$H49&"-"&'Groupe Temoin '!$I49 -> 2022-3-633 | K49: 4 | L49: 8 | M49: =AVERAGE('Groupe Temoin '!$K49+'Groupe Temoin '!$L49)/2 -> 6 | N49: 0 | O49: 0 | P49: =AVERAGE('Groupe Temoin '!$N49+'Groupe Temoin '!$O49)/2 -> 0
A50: Karambi Sofoua | B50: Tsalouba Nouhou | D50: Nouhou | E50: Sae Saboua | F50: 47 | G50: 2022 | H50: 3 | I50: 641 | J50: ='Groupe Temoin '!$G50&"-"&'Groupe Temoin '!$H50&"-"&'Groupe Temoin '!$I50 -> 2022-3-641 | K50: 1 | L50: 3 | M50: =AVERAGE('Groupe Temoin '!$K50+'Groupe Temoin '!$L50)/2 -> 2 | N50: 0 | O50: 0 | P50: =AVERAGE('Groupe Temoin '!$N50+'Groupe Temoin '!$O50)/2 -> 0
A51: Karambi Sofoua | B51: Ainaou Mahajourou | D51: Mahajourou | E51: Sae Saboua | F51: 48 | G51: 2022 | H51: 3 | I51: 644 | J51: ='Groupe Temoin '!$G51&"-"&'Groupe Temoin '!$H51&"-"&'Groupe Temoin '!$I51 -> 2022-3-644 | K51: 5 | L51: 7.5 | M51: =AVERAGE('Groupe Temoin '!$K51+'Groupe Temoin '!$L51)/2 -> 6.25 | N51: 6 | O51: 4 | P51: =AVERAGE('Groupe Temoin '!$N51+'Groupe Temoin '!$O51)/2 -> 5
A52: Karambi Sofoua | B52: Laouratou Abdoullahi | D52: Abdoullahi | E52: Sae Saboua | F52: 49 | G52: 2022 | H52: 3 | I52: 635 | J52: ='Groupe Temoin '!$G52&"-"&'Groupe Temoin '!$H52&"-"&'Groupe Temoin '!$I52 -> 2022-3-635 | K52: 1 | L52: 9.5 | M52: =AVERAGE('Groupe Temoin '!$K52+'Groupe Temoin '!$L52)/2 -> 5.25 | N52: 5.5 | O52: 6 | P52: =AVERAGE('Groupe Temoin '!$N52+'Groupe Temoin '!$O52)/2 -> 5.75
A53: Karambi Sofoua | B53: Rachida Rabiou | D53: Rabiou | E53: Sae Saboua | F53: 50 | G53: 2022 | H53: 3 | I53: 645 | J53: ='Groupe Temoin '!$G53&"-"&'Groupe Temoin '!$H53&"-"&'Groupe Temoin '!$I53 -> 2022-3-645 | K53: 5.5 | L53: 7 | M53: =AVERAGE('Groupe Temoin '!$K53+'Groupe Temoin '!$L53)/2 -> 6.25 | N53: 8 | O53: 8 | P53: =AVERAGE('Groupe Temoin '!$N53+'Groupe Temoin '!$O53)/2 -> 8
A54: Karambi Sofoua | B54: Azima Abdoul Moumouni | D54: Abdoul Moumouni | E54: Sae Saboua | F54: 51 | G54: 2022 | H54: 3 | I54: 634 | J54: ='Groupe Temoin '!$G54&"-"&'Groupe Temoin '!$H54&"-"&'Groupe Temoin '!$I54 -> 2022-3-634 | K54: 5 | L54: 6.5 | M54: =AVERAGE('Groupe Temoin '!$K54+'Groupe Temoin '!$L54)/2 -> 5.75 | N54: 2.5 | O54: 6 | P54: =AVERAGE('Groupe Temoin '!$N54+'Groupe Temoin '!$O54)/2 -> 4.25
A55: Karambi Sofoua | B55: Aicha Haladou | D55: Haladou | E55: Sae Saboua | F55: 52 | G55: 2022 | H55: 3 | I55: 638 | J55: ='Groupe Temoin '!$G55&"-"&'Groupe Temoin '!$H55&"-"&'Groupe Temoin '!$I55 -> 2022-3-638 | K55: 2 | L55: 10 | M55: =AVERAGE('Groupe Temoin '!$K55+'Groupe Temoin '!$L55)/2 -> 6 | N55: 5 | O55: 14 | P55: =AVERAGE('Groupe Temoin '!$N55+'Groupe Temoin '!$O55)/2 -> 9.5
A56: Karambi Sofoua | B56: Nisseiba Yacouba | D56: Yacouba | E56: Sae Saboua | F56: 53 | G56: 2022 | H56: 3 | I56: 643 | J56: ='Groupe Temoin '!$G56&"-"&'Groupe Temoin '!$H56&"-"&'Groupe Temoin '!$I56 -> 2022-3-643 | K56: 7.5 | L56: 10 | M56: =AVERAGE('Groupe Temoin '!$K56+'Groupe Temoin '!$L56)/2 -> 8.75 | P56: =AVERAGE('Groupe Temoin '!$N56+'Groupe Temoin '!$O56)/2 -> 0
A57: Karambi Sofoua | B57: Safia Ma'azou | D57: Ma'azou | E57: Sae Saboua | F57: 54 | G57: 2022 | H57: 3 | I57: 630 | J57: ='Groupe Temoin '!$G57&"-"&'Groupe Temoin '!$H57&"-"&'Groupe Temoin '!$I57 -> 2022-3-630 | K57: 2 | L57: 5.5 | M57: =AVERAGE('Groupe Temoin '!$K57+'Groupe Temoin '!$L57)/2 -> 3.75 | N57: 3 | O57: 7 | P57: =AVERAGE('Groupe Temoin '!$N57+'Groupe Temoin '!$O57)/2 -> 5
A58: Karambi Sofoua | B58: Chamsiya Moutari | D58: Moutari | E58: Sae Saboua | F58: 55 | G58: 2022 | H58: 3 | I58: 642 | J58: ='Groupe Temoin '!$G58&"-"&'Groupe Temoin '!$H58&"-"&'Groupe Temoin '!$I58 -> 2022-3-642 | K58: 4 | L58: 6 | M58: =AVERAGE('Groupe Temoin '!$K58+'Groupe Temoin '!$L58)/2 -> 5 | N58: 6 | O58: 6.5 | P58: =AVERAGE('Groupe Temoin '!$N58+'Groupe Temoin '!$O58)/2 -> 6.25
A59: Karambi Sofoua | B59: Bachariya Halarou | D59: Halarou | E59: Sae Saboua | F59: 56 | G59: 2022 | H59: 3 | I59: 632 | J59: ='Groupe Temoin '!$G59&"-"&'Groupe Temoin '!$H59&"-"&'Groupe Temoin '!$I59 -> 2022-3-632 | K59: 5.5 | L59: 12 | M59: =AVERAGE('Groupe Temoin '!$K59+'Groupe Temoin '!$L59)/2 -> 8.75 | N59: 6.5 | O59: 13 | P59: =AVERAGE('Groupe Temoin '!$N59+'Groupe Temoin '!$O59)/2 -> 9.75
A60: Karambi Sofoua | B60: Ramatou Idrissa | D60: Idrissa | E60: Sae Saboua | F60: 57 | G60: 2022 | H60: 3 | I60: 639 | J60: ='Groupe Temoin '!$G60&"-"&'Groupe Temoin '!$H60&"-"&'Groupe Temoin '!$I60 -> 2022-3-639 | K60: 2.5 | L60: 9 | M60: =AVERAGE('Groupe Temoin '!$K60+'Groupe Temoin '!$L60)/2 -> 5.75 | N60: 3 | O60: 8.5 | P60: =AVERAGE('Groupe Temoin '!$N60+'Groupe Temoin '!$O60)/2 -> 5.75
A61: Karambi Sofoua | B61: Souéba Yacouba | D61: Yacouba | E61: Sae Saboua | F61: 58 | G61: 2022 | H61: 3 | I61: 640 | J61: ='Groupe Temoin '!$G61&"-"&'Groupe Temoin '!$H61&"-"&'Groupe Temoin '!$I61 -> 2022-3-640 | K61: 3 | L61: 2.5 | M61: =AVERAGE('Groupe Temoin '!$K61+'Groupe Temoin '!$L61)/2 -> 2.75 | N61: 5 | O61: 8 | P61: =AVERAGE('Groupe Temoin '!$N61+'Groupe Temoin '!$O61)/2 -> 6.5
G62: MOYENNE | K62: =AVERAGE(K6:K61) -> 4.7366071 | L62: =AVERAGE(L6:L61) -> 8.4642857 | M62: =AVERAGE('Groupe Temoin '!$K62+'Groupe Temoin '!$L62)/2 -> 6.6004464 | N62: =AVERAGE(N6:N61) -> 5.0787037 | O62: =AVERAGE(O6:O61) -> 6.0694444 | P62: =AVERAGE('Groupe Temoin '!$N62+'Groupe Temoin '!$O62)/2 -> 5.5740741
M64: =AVERAGE(M6:M61) -> 6.6004464 | P64: =AVERAGE(P6:P61) -> 5.375

Sheet Matching 2023
A2: Matching 2023 CM2
A4: Code | B4: Site intervention | C4: Site contrôle
A5: 1 | B5: Louloubi | C5: Karambi Sofoua
A6: 2 | B6: Kadata | C6: Mountarou 1
A7: 3 | B7: Barouana | C7: Mata Milki
